Workbook

Sheet DO NOT EDIT - Client List
A1: Household Name | B1: City | C1: Community | D1: Region | E1: Last Review | F1: New Review Date | G1: Special Notes | H1: Copy/Material Count | I1: Advisor Number/Kathleen? | J1: Done?
A2: WEST STOCKBRIDGE, TOWN OF | B2: WEST STOCKBRIDGE | C2: West Stockbridge | D2: =_xlfn.XLOOKUP(C2,'Territory List'!$D$2:$D$352,'Territory List'!$G$2:$G$352) -> 1 | E2: =VLOOKUP(A2,'1-Sue'!$A$2:$H$16,5,FALSE) -> 4/28 @1pm (meet in Cheshire) | F2: =VLOOKUP(A2,'1-Sue'!A15:J36,9,FALSE) -> 9/14 @ 12:30 | G2: =_xlfn.IFNA(VLOOKUP(A2,'1-Sue'!$A$2:$H$16,6,FALSE)," ") -> - | H2: =_xlfn.IFNA(VLOOKUP(A2,'1-Sue'!$A$2:$H$16,7,FALSE)," ") -> - | I2: =_xlfn.IFNA(VLOOKUP(A2,'1-Sue'!$A$2:$H$16,8,FALSE)," ") -> - | J2: =VLOOKUP(A2,'1-Sue'!$A$1:$J$24,10,FALSE) -> 0
A3: STOCKBRIDGE, TOWN OF | B3: STOCKBRIDGE | C3: Stockbridge | D3: =_xlfn.XLOOKUP(C3,'Territory List'!$D$2:$D$352,'Territory List'!$G$2:$G$352) -> 1 | E3: =VLOOKUP(A3,'1-Sue'!$A$2:$H$16,5,FALSE) -> 5/4 @ 12pm LUNCH | F3: =VLOOKUP(A3,'1-Sue'!A14:J35,9,FALSE) -> 0 | G3: =_xlfn.IFNA(VLOOKUP(A3,'1-Sue'!$A$2:$H$16,6,FALSE)," ") -> - | H3: =_xlfn.IFNA(VLOOKUP(A3,'1-Sue'!$A$2:$H$16,7,FALSE)," ") -> 0 | I3: =_xlfn.IFNA(VLOOKUP(A3,'1-Sue'!$A$2:$H$16,8,FALSE)," ") -> - | J3: =VLOOKUP(A3,'1-Sue'!$A$1:$J$24,10,FALSE) -> 0
A4: RICHMOND, TOWN OF | B4: Richmond | C4: Richmond | D4: =_xlfn.XLOOKUP(C4,'Territory List'!$D$2:$D$352,'Territory List'!$G$2:$G$352) -> 1 | E4: =VLOOKUP(A4,'1-Sue'!$A$2:$H$16,5,FALSE) -> 5/13 @ 3:30 | F4: =VLOOKUP(A4,'1-Sue'!A13:J34,9,FALSE) -> 9/17 @ 11:30 (lunch) | G4: =_xlfn.IFNA(VLOOKUP(A4,'1-Sue'!$A$2:$H$16,6,FALSE)," ") -> Lunch | H4: =_xlfn.IFNA(VLOOKUP(A4,'1-Sue'!$A$2:$H$16,7,FALSE)," ") -> - | I4: =_xlfn.IFNA(VLOOKUP(A4,'1-Sue'!$A$2:$H$16,8,FALSE)," ") -> - | J4: =VLOOKUP(A4,'1-Sue'!$A$1:$J$24,10,FALSE) -> 0
A5: OTIS, TOWN OF | B5: OTIS | C5: Otis | D5: =_xlfn.XLOOKUP(C5,'Territory List'!$D$2:$D$352,'Territory List'!$G$2:$G$352) -> 1 | E5: =VLOOKUP(A5,'1-Sue'!$A$2:$H$16,5,FALSE) -> 0 | F5: =VLOOKUP(A5,'1-Sue'!A12:J33,9,FALSE) -> 9/30 @10:30 | G5: =_xlfn.IFNA(VLOOKUP(A5,'1-Sue'!$A$2:$H$16,6,FALSE)," ") -> - | H5: =_xlfn.IFNA(VLOOKUP(A5,'1-Sue'!$A$2:$H$16,7,FALSE)," ") -> 0 | I5: =_xlfn.IFNA(VLOOKUP(A5,'1-Sue'!$A$2:$H$16,8,FALSE)," ") -> - | J5: =VLOOKUP(A5,'1-Sue'!$A$1:$J$24,10,FALSE) -> 0
A6: LENOX, TOWN OF | B6: LENOX | C6: Lenox | D6: =_xlfn.XLOOKUP(C6,'Territory List'!$D$2:$D$352,'Territory List'!$G$2:$G$352) -> 1 | E6: =VLOOKUP(A6,'1-Sue'!$A$2:$H$16,5,FALSE) -> Sent reviews | F6: =VLOOKUP(A6,'1-Sue'!A10:J31,9,FALSE) -> 9/17 @ 9:30 | G6: =_xlfn.IFNA(VLOOKUP(A6,'1-Sue'!$A$2:$H$16,6,FALSE)," ") -> Lunch | H6: =_xlfn.IFNA(VLOOKUP(A6,'1-Sue'!$A$2:$H$16,7,FALSE)," ") -> 0 | I6: =_xlfn.IFNA(VLOOKUP(A6,'1-Sue'!$A$2:$H$16,8,FALSE)," ") -> - | J6: =VLOOKUP(A6,'1-Sue'!$A$1:$J$24,10,FALSE) -> 0
A7: LEE, TOWN OF | B7: LEE | C7: Lee | D7: =_xlfn.XLOOKUP(C7,'Territory List'!$D$2:$D$352,'Territory List'!$G$2:$G$352) -> 1 | E7: =VLOOKUP(A7,'1-Sue'!$A$2:$H$16,5,FALSE) -> sent email | F7: =VLOOKUP(A7,'1-Sue'!A8:J30,9,FALSE) -> 0 | G7: =_xlfn.IFNA(VLOOKUP(A7,'1-Sue'!$A$2:$H$16,6,FALSE)," ") -> - | H7: =_xlfn.IFNA(VLOOKUP(A7,'1-Sue'!$A$2:$H$16,7,FALSE)," ") -> Sue can't do this one (conflict of interest) | I7: =_xlfn.IFNA(VLOOKUP(A7,'1-Sue'!$A$2:$H$16,8,FALSE)," ") -> - | J7: =VLOOKUP(A7,'1-Sue'!$A$1:$J$24,10,FALSE) -> 0
A8: LAKE BUEL PRESERVATION DISTRICT | B8: NEW MARLBOROUGH | C8: New Marlborough | D8: =_xlfn.XLOOKUP(C8,'Territory List'!$D$2:$D$352,'Territory List'!$G$2:$G$352) -> 1 | E8: =VLOOKUP(A8,'1-Sue'!$A$2:$H$16,5,FALSE) -> 5/13 @ 10:30 | F8: =VLOOKUP(A8,'1-Sue'!A11:J32,9,FALSE) -> 0 | G8: =_xlfn.IFNA(VLOOKUP(A8,'1-Sue'!$A$2:$H$16,6,FALSE)," ") -> - | H8: =_xlfn.IFNA(VLOOKUP(A8,'1-Sue'!$A$2:$H$16,7,FALSE)," ") -> - | I8: =_xlfn.IFNA(VLOOKUP(A8,'1-Sue'!$A$2:$H$16,8,FALSE)," ") -> - | J8: =VLOOKUP(A8,'1-Sue'!$A$1:$J$24,10,FALSE) -> 0
A9: GREAT BARRINGTON, TOWN OF | B9: GREAT BARRINGTON | C9: Great Barrington | D9: =_xlfn.XLOOKUP(C9,'Territory List'!$D$2:$D$352,'Territory List'!$G$2:$G$352) -> 1 | E9: =VLOOKUP(A9,'1-Sue'!$A$2:$H$16,5,FALSE) -> 5/13/ @ noon ? | F9: =VLOOKUP(A9,'1-Sue'!A7:J29,9,FALSE) -> 0 | G9: =_xlfn.IFNA(VLOOKUP(A9,'1-Sue'!$A$2:$H$16,6,FALSE)," ") -> - | H9: =_xlfn.IFNA(VLOOKUP(A9,'1-Sue'!$A$2:$H$16,7,FALSE)," ") -> - | I9: =_xlfn.IFNA(VLOOKUP(A9,'1-Sue'!$A$2:$H$16,8,FALSE)," ") -> - | J9: =VLOOKUP(A9,'1-Sue'!$A$1:$J$24,10,FALSE) -> 0
A10: MONTEREY, TOWN OF | B10: MONTEREY | C10: Monterey | D10: =_xlfn.XLOOKUP(C10,'Territory List'!$D$2:$D$352,'Territory List'!$G$2:$G$352) -> 1 | E10: =VLOOKUP(A10,'1-Sue'!$A$2:$H$16,5,FALSE) -> 0 | F10: =VLOOKUP(A10,'1-Sue'!A8:J30,9,FALSE) -> 0 | G10: =_xlfn.IFNA(VLOOKUP(A10,'1-Sue'!$A$2:$H$16,6,FALSE)," ") -> - | H10: =_xlfn.IFNA(VLOOKUP(A10,'1-Sue'!$A$2:$H$16,7,FALSE)," ") -> - | I10: =_xlfn.IFNA(VLOOKUP(A10,'1-Sue'!$A$2:$H$16,8,FALSE)," ") -> - | J10: =VLOOKUP(A10,'1-Sue'!$A$1:$J$24,10,FALSE) -> 0
A11: EGREMONT, TOWN OF | B11: EGREMONT | C11: Egremont | D11: =_xlfn.XLOOKUP(C11,'Territory List'!$D$2:$D$352,'Territory List'!$G$2:$G$352) -> 1 | E11: =VLOOKUP(A11,'1-Sue'!$A$2:$H$16,5,FALSE) -> 45739 | F11: =VLOOKUP(A11,'1-Sue'!A6:J28,9,FALSE) -> 0 | G11: =_xlfn.IFNA(VLOOKUP(A11,'1-Sue'!$A$2:$H$16,6,FALSE)," ") -> - | H11: =_xlfn.IFNA(VLOOKUP(A11,'1-Sue'!$A$2:$H$16,7,FALSE)," ") -> - | I11: =_xlfn.IFNA(VLOOKUP(A11,'1-Sue'!$A$2:$H$16,8,FALSE)," ") -> - | J11: =VLOOKUP(A11,'1-Sue'!$A$1:$J$24,10,FALSE) -> 0
A12: CHESTER, TOWN OF | B12: CHESTER | C12: Chester | D12: =_xlfn.XLOOKUP(C12,'Territory List'!$D$2:$D$352,'Territory List'!$G$2:$G$352) -> 1 | E12: =VLOOKUP(A12,'1-Sue'!$A$2:$H$16,5,FALSE) -> 46001 | F12: =VLOOKUP(A12,'1-Sue'!A4:J27,9,FALSE) -> 0 | G12: =_xlfn.IFNA(VLOOKUP(A12,'1-Sue'!$A$2:$H$16,6,FALSE)," ") -> - | H12: =_xlfn.IFNA(VLOOKUP(A12,'1-Sue'!$A$2:$H$16,7,FALSE)," ") -> Sara H (Blandford, Chester, Monterey) | I12: =_xlfn.IFNA(VLOOKUP(A12,'1-Sue'!$A$2:$H$16,8,FALSE)," ") -> - | J12: =VLOOKUP(A12,'1-Sue'!$A$1:$J$24,10,FALSE) -> 0
A13: BLANDFORD, TOWN OF | B13: BLANDFORD | C13: Blandford | D13: =_xlfn.XLOOKUP(C13,'Territory List'!$D$2:$D$352,'Territory List'!$G$2:$G$352) -> 1 | E13: =VLOOKUP(A13,'1-Sue'!$A$2:$H$16,5,FALSE) -> 46001 | F13: =VLOOKUP(A13,'1-Sue'!A3:J26,9,FALSE) -> 0 | G13: =_xlfn.IFNA(VLOOKUP(A13,'1-Sue'!$A$2:$H$16,6,FALSE)," ") -> - | H13: =_xlfn.IFNA(VLOOKUP(A13,'1-Sue'!$A$2:$H$16,7,FALSE)," ") -> Sara H (Blandford, Chester, Monterey) | I13: =_xlfn.IFNA(VLOOKUP(A13,'1-Sue'!$A$2:$H$16,8,FALSE)," ") -> - | J13: =VLOOKUP(A13,'1-Sue'!$A$1:$J$24,10,FALSE) -> 0
A14: BECKET, TOWN OF | B14: BECKET | C14: Becket | D14: =_xlfn.XLOOKUP(C14,'Territory List'!$D$2:$D$352,'Territory List'!$G$2:$G$352) -> 1 | E14: =VLOOKUP(A14,'1-Sue'!$A$2:$H$16,5,FALSE) -> 46037 | F14: =VLOOKUP(A14,'1-Sue'!$A$1:$J$24,9,FALSE) -> 8/25 @ 9 | G14: =_xlfn.IFNA(VLOOKUP(A14,'1-Sue'!$A$2:$H$16,6,FALSE)," ") -> - | H14: =_xlfn.IFNA(VLOOKUP(A14,'1-Sue'!$A$2:$H$16,7,FALSE)," ") -> - | I14: =_xlfn.IFNA(VLOOKUP(A14,'1-Sue'!$A$2:$H$16,8,FALSE)," ") -> - | J14: =VLOOKUP(A14,'1-Sue'!$A$1:$J$24,10,FALSE) -> 1
A15: BECKET BROADBAND DISTRICT | C15: Becket | D15: =_xlfn.XLOOKUP(C15,'Territory List'!$D$2:$D$352,'Territory List'!$G$2:$G$352) -> 1 | E15: =VLOOKUP(A15,'1-Sue'!$A$2:$H$16,5,FALSE) -> 46037 | F15: =VLOOKUP(A15,'1-Sue'!A2:J25,9,FALSE) -> 8/25 @9:30 | G15: =_xlfn.IFNA(VLOOKUP(A15,'1-Sue'!$A$2:$H$16,6,FALSE)," ") -> - | H15: =_xlfn.IFNA(VLOOKUP(A15,'1-Sue'!$A$2:$H$16,7,FALSE)," ") -> - | I15: =_xlfn.IFNA(VLOOKUP(A15,'1-Sue'!$A$2:$H$16,8,FALSE)," ") -> - | J15: =VLOOKUP(A15,'1-Sue'!$A$1:$J$24,10,FALSE) -> 1
A16: WINDSOR, TOWN OF | B16: WINDSOR | C16: Windsor | D16: =_xlfn.XLOOKUP(C16,'Territory List'!$D$2:$D$352,'Territory List'!$G$2:$G$352) -> 2 | E16: =VLOOKUP(A16,'2-Sue'!$A$2:$H$12,5,FALSE) -> 5/12 @ 1:30 | F16: =VLOOKUP(A16,'2-Sue'!$A$1:$J$24,9,FALSE) -> 8/25 @ 12pm | G16: =_xlfn.IFNA(VLOOKUP(A16,'2-Sue'!$A$2:$H$12,6,FALSE)," ") -> - | H16: =_xlfn.IFNA(VLOOKUP(A16,'2-Sue'!$A$2:$H$12,7,FALSE)," ") -> 3 | I16: =_xlfn.IFNA(VLOOKUP(A16,'2-Sue'!$A$2:$H$12,8,FALSE)," ") -> - | J16: =VLOOKUP(A16,'2-Sue'!$A$1:$J$24,10,FALSE) -> 1
A17: WILLIAMSTOWN, TOWN OF | B17: WILLIAMSTOWN | C17: Williamstown | D17: =_xlfn.XLOOKUP(C17,'Territory List'!$D$2:$D$352,'Territory List'!$G$2:$G$352) -> 2 | E17: =VLOOKUP(A17,'2-Sue'!$A$2:$H$12,5,FALSE) -> 3/18/2026 @ 2:00 | F17: =VLOOKUP(A17,'2-Sue'!$A$1:$J$24,9,FALSE) -> 9/16 @10am | G17: =_xlfn.IFNA(VLOOKUP(A17,'2-Sue'!$A$2:$H$12,6,FALSE)," ") -> lunch | H17: =_xlfn.IFNA(VLOOKUP(A17,'2-Sue'!$A$2:$H$12,7,FALSE)," ") -> - | I17: =_xlfn.IFNA(VLOOKUP(A17,'2-Sue'!$A$2:$H$12,8,FALSE)," ") -> - | J17: =VLOOKUP(A17,'2-Sue'!$A$1:$J$24,10,FALSE) -> 0
A18: ROWE, TOWN OF | B18: ROWE | C18: Rowe | D18: =_xlfn.XLOOKUP(C18,'Territory List'!$D$2:$D$352,'Territory List'!$G$2:$G$352) -> 2 | E18: =VLOOKUP(A18,'2-Sue'!$A$2:$H$12,5,FALSE) -> 46099 | F18: =VLOOKUP(A18,'2-Sue'!$A$1:$J$24,9,FALSE) -> 0 | G18: =_xlfn.IFNA(VLOOKUP(A18,'2-Sue'!$A$2:$H$12,6,FALSE)," ") -> - | H18: =_xlfn.IFNA(VLOOKUP(A18,'2-Sue'!$A$2:$H$12,7,FALSE)," ") -> - | I18: =_xlfn.IFNA(VLOOKUP(A18,'2-Sue'!$A$2:$H$12,8,FALSE)," ") -> - | J18: =VLOOKUP(A18,'2-Sue'!$A$1:$J$24,10,FALSE) -> 0
A19: PITTSFIELD, CITY OF | B19: PITTSFIELD | C19: Pittsfield | D19: =_xlfn.XLOOKUP(C19,'Territory List'!$D$2:$D$352,'Territory List'!$G$2:$G$352) -> 2 | E19: =VLOOKUP(A19,'2-Sue'!$A$2:$H$12,5,FALSE) -> 46108 | F19: =VLOOKUP(A19,'2-Sue'!$A$1:$J$24,9,FALSE) -> 8/27/2026 @12pm - lunch | G19: =_xlfn.IFNA(VLOOKUP(A19,'2-Sue'!$A$2:$H$12,6,FALSE)," ") -> Always offer to do lunch | H19: =_xlfn.IFNA(VLOOKUP(A19,'2-Sue'!$A$2:$H$12,7,FALSE)," ") -> 2 | I19: =_xlfn.IFNA(VLOOKUP(A19,'2-Sue'!$A$2:$H$12,8,FALSE)," ") -> - | J19: =VLOOKUP(A19,'2-Sue'!$A$1:$J$24,10,FALSE) -> 1
A20: NORTH ADAMS, CITY OF | B20: NORTH ADAMS | C20: North Adams | D20: =_xlfn.XLOOKUP(C20,'Territory List'!$D$2:$D$352,'Territory List'!$G$2:$G$352) -> 2 | E20: =VLOOKUP(A20,'2-Sue'!$A$2:$H$12,5,FALSE) -> 46099 | F20: =VLOOKUP(A20,'2-Sue'!$A$1:$J$24,9,FALSE) -> 9/9 @12pm | G20: =_xlfn.IFNA(VLOOKUP(A20,'2-Sue'!$A$2:$H$12,6,FALSE)," ") -> - | H20: =_xlfn.IFNA(VLOOKUP(A20,'2-Sue'!$A$2:$H$12,7,FALSE)," ") -> 3 | I20: =_xlfn.IFNA(VLOOKUP(A20,'2-Sue'!$A$2:$H$12,8,FALSE)," ") -> - | J20: =VLOOKUP(A20,'2-Sue'!$A$1:$J$24,10,FALSE) -> 0
A21: LANESBOROUGH, TOWN OF | B21: LANESBOROUGH | C21: Lanesborough | D21: =_xlfn.XLOOKUP(C21,'Territory List'!$D$2:$D$352,'Territory List'!$G$2:$G$352) -> 2 | E21: =VLOOKUP(A21,'2-Sue'!$A$2:$H$12,5,FALSE) -> 5/12 @ 10:30 | F21: =VLOOKUP(A21,'2-Sue'!$A$1:$J$24,9,FALSE) -> 9/17 @ 11:30 (lunch) | G21: =_xlfn.IFNA(VLOOKUP(A21,'2-Sue'!$A$2:$H$12,6,FALSE)," ") -> Do with Lanesborough Water District | H21: =_xlfn.IFNA(VLOOKUP(A21,'2-Sue'!$A$2:$H$12,7,FALSE)," ") -> - | I21: =_xlfn.IFNA(VLOOKUP(A21,'2-Sue'!$A$2:$H$12,8,FALSE)," ") -> - | J21: =VLOOKUP(A21,'2-Sue'!$A$1:$J$24,10,FALSE) -> 0
A22: LANESBOROUGH VILLAGE FIRE & WATER DISTRICT | B22: Lanesborough | C22: Lanesborough | D22: =_xlfn.XLOOKUP(C22,'Territory List'!$D$2:$D$352,'Territory List'!$G$2:$G$352) -> 2 | E22: =VLOOKUP(A22,'2-Sue'!$A$2:$H$12,5,FALSE) -> 5/12 @12pm | F22: =VLOOKUP(A22,'2-Sue'!$A$1:$J$24,9,FALSE) -> 8/28 @ 12:30 | G22: =_xlfn.IFNA(VLOOKUP(A22,'2-Sue'!$A$2:$H$12,6,FALSE)," ") -> Treasurer works in Lanesborough/do same day | H22: =_xlfn.IFNA(VLOOKUP(A22,'2-Sue'!$A$2:$H$12,7,FALSE)," ") -> - | I22: =_xlfn.IFNA(VLOOKUP(A22,'2-Sue'!$A$2:$H$12,8,FALSE)," ") -> - | J22: =VLOOKUP(A22,'2-Sue'!$A$1:$J$24,10,FALSE) -> 0
A23: CUMMINGTON, TOWN OF | B23: CUMMINGTON | C23: Cummington | D23: =_xlfn.XLOOKUP(C23,'Territory List'!$D$2:$D$352,'Territory List'!$G$2:$G$352) -> 2 | E23: =VLOOKUP(A23,'2-Sue'!$A$2:$H$12,5,FALSE) -> 46030 | F23: =VLOOKUP(A23,'2-Sue'!$A$1:$J$24,9,FALSE) -> 9/10 @9:30 | G23: =_xlfn.IFNA(VLOOKUP(A23,'2-Sue'!$A$2:$H$12,6,FALSE)," ") -> Allan K also in Goshen | H23: =_xlfn.IFNA(VLOOKUP(A23,'2-Sue'!$A$2:$H$12,7,FALSE)," ") -> - | I23: =_xlfn.IFNA(VLOOKUP(A23,'2-Sue'!$A$2:$H$12,8,FALSE)," ") -> - | J23: =VLOOKUP(A23,'2-Sue'!$A$1:$J$24,10,FALSE) -> 0
A24: CHESHIRE, TOWN OF | B24: CHESHIRE | C24: Cheshire | D24: =_xlfn.XLOOKUP(C24,'Territory List'!$D$2:$D$352,'Territory List'!$G$2:$G$352) -> 2 | E24: =VLOOKUP(A24,'2-Sue'!$A$2:$H$12,5,FALSE) -> 46140 | F24: =VLOOKUP(A24,'2-Sue'!$A$1:$J$24,9,FALSE) -> 9/14 @12:30 in W. SB | G24: =_xlfn.IFNA(VLOOKUP(A24,'2-Sue'!$A$2:$H$12,6,FALSE)," ") -> - | H24: =_xlfn.IFNA(VLOOKUP(A24,'2-Sue'!$A$2:$H$12,7,FALSE)," ") -> 3 | I24: =_xlfn.IFNA(VLOOKUP(A24,'2-Sue'!$A$2:$H$12,8,FALSE)," ") -> - | J24: =VLOOKUP(A24,'2-Sue'!$A$1:$J$24,10,FALSE) -> 0
A25: ADAMS, TOWN OF | B25: ADAMS | C25: Adams | D25: =_xlfn.XLOOKUP(C25,'Territory List'!$D$2:$D$352,'Territory List'!$G$2:$G$352) -> 2 | E25: =VLOOKUP(A25,'2-Sue'!$A$2:$H$12,5,FALSE) -> 46050 | F25: =VLOOKUP(A25,'2-Sue'!$A$1:$J$24,9,FALSE) -> 9/9 @9am | G25: =_xlfn.IFNA(VLOOKUP(A25,'2-Sue'!$A$2:$H$12,6,FALSE)," ") -> - | H25: =_xlfn.IFNA(VLOOKUP(A25,'2-Sue'!$A$2:$H$12,7,FALSE)," ") -> 3 | I25: =_xlfn.IFNA(VLOOKUP(A25,'2-Sue'!$A$2:$H$12,8,FALSE)," ") -> - | J25: =VLOOKUP(A25,'2-Sue'!$A$1:$J$24,10,FALSE) -> 0
A26: GOSHEN, TOWN OF | B26: GOSHEN | C26: Goshen | D26: =_xlfn.XLOOKUP(C26,'Territory List'!$D$2:$D$352,'Territory List'!$G$2:$G$352) -> 2 | E26: =VLOOKUP(A26,'2-Sue'!$A$2:$F$21,3,FALSE) -> 46030 | F26: =VLOOKUP(A26,'2-Sue'!$A$1:$H$40,7,FALSE) -> - | G26: =VLOOKUP(A26,'2-Sue'!$A$2:$F$21,6,FALSE) -> - | H26: =VLOOKUP(A26,'2-Sue'!$A$2:$J$21,7,FALSE) -> - | I26: =VLOOKUP(A26,'2-Sue'!$A$2:$F$21,6,FALSE) -> - | J26: =VLOOKUP(A26,'2-Sue'!$A$1:$H$40,8,FALSE) -> -
A27: WHATELY, TOWN OF | B27: WHATELY | C27: Whately | D27: =_xlfn.XLOOKUP(C27,'Territory List'!$D$2:$D$352,'Territory List'!$G$2:$G$352) -> 3 | E27: =VLOOKUP(A27,'3-Sue'!$A$2:$F$22,3,FALSE) -> 46035 | F27: =VLOOKUP(A27,'3-Sue'!$A$1:$H$45,7,FALSE) -> 0 | G27: =VLOOKUP(A27,'3-Sue'!$A$2:$F$22,4,FALSE) -> - | H27: =VLOOKUP(A27,'3-Sue'!$A$2:$F$22,5,FALSE) -> - | I27: =VLOOKUP(A27,'3-Sue'!$A$2:$F$22,6,FALSE) -> - | J27: =VLOOKUP(A27,'3-Sue'!$A$1:$H$45,8,FALSE) -> 0
A28: WESTHAMPTON, TOWN OF | B28: WESTHAMPTON | C28: Westhampton | D28: =_xlfn.XLOOKUP(C28,'Territory List'!$D$2:$D$352,'Territory List'!$G$2:$G$352) -> 3 | E28: =VLOOKUP(A28,'3-Sue'!$A$2:$F$22,3,FALSE) -> 4/21 @10am | F28: =VLOOKUP(A28,'3-Sue'!$A$1:$H$45,7,FALSE) -> 10/13 @ 12pm | G28: =VLOOKUP(A28,'3-Sue'!$A$2:$F$22,4,FALSE) -> Ryan (Westhampton, Barre | H28: =VLOOKUP(A28,'3-Sue'!$A$2:$F$22,5,FALSE) -> - | I28: =VLOOKUP(A28,'3-Sue'!$A$2:$F$22,6,FALSE) -> - | J28: =VLOOKUP(A28,'3-Sue'!$A$1:$H$45,8,FALSE) -> 0
A29: SUNDERLAND, TOWN OF | B29: SUNDERLAND | C29: Sunderland | D29: =_xlfn.XLOOKUP(C29,'Territory List'!$D$2:$D$352,'Territory List'!$G$2:$G$352) -> 3 | E29: =VLOOKUP(A29,'3-Sue'!$A$2:$F$22,3,FALSE) -> 5/19 @ 11am | F29: =VLOOKUP(A29,'3-Sue'!$A$1:$H$45,7,FALSE) -> 0 | G29: =VLOOKUP(A29,'3-Sue'!$A$2:$F$22,4,FALSE) -> - | H29: =VLOOKUP(A29,'3-Sue'!$A$2:$F$22,5,FALSE) -> - | J29: =VLOOKUP(A29,'3-Sue'!$A$1:$H$45,8,FALSE) -> 0
A30: SPRINGFIELD WATER AND SEWER COMMISSION | B30: AGAWAM | C30: Agawam | D30: =_xlfn.XLOOKUP(C30,'Territory List'!$D$2:$D$352,'Territory List'!$G$2:$G$352) -> 3 | E30: =VLOOKUP(A30,'3-Sue'!$A$2:$F$22,3,FALSE) -> 46195.479 | F30: =VLOOKUP(A30,'3-Sue'!$A$1:$H$45,7,FALSE) -> 0 | G30: =VLOOKUP(A30,'3-Sue'!$A$2:$F$22,4,FALSE) -> Once a year/annual meeting* | H30: =VLOOKUP(A30,'3-Sue'!$A$2:$F$22,5,FALSE) -> 10 CY-3 FY | I30: =VLOOKUP(A30,'3-Sue'!$A$2:$F$22,6,FALSE) -> 2 advisors | J30: =VLOOKUP(A30,'3-Sue'!$A$1:$H$45,8,FALSE) -> 1
A31: SOUTHWICK, TOWN OF | B31: SOUTHWICK | C31: Southwick | D31: =_xlfn.XLOOKUP(C31,'Territory List'!$D$2:$D$352,'Territory List'!$G$2:$G$352) -> 3 | E31: =VLOOKUP(A31,'3-Sue'!$A$2:$F$22,3,FALSE) -> 3/19/2026 @ 10:00 | F31: =VLOOKUP(A31,'3-Sue'!$A$1:$H$45,7,FALSE) -> 0 | G31: =VLOOKUP(A31,'3-Sue'!$A$2:$F$22,4,FALSE) -> Annual review with committee | H31: =VLOOKUP(A31,'3-Sue'!$A$2:$F$22,5,FALSE) -> 20 | I31: =VLOOKUP(A31,'3-Sue'!$A$2:$F$22,6,FALSE) -> - | J31: =VLOOKUP(A31,'3-Sue'!$A$1:$H$45,8,FALSE) -> 0
A32: SOUTHAMPTON, TOWN OF | B32: SOUTHAMPTON | C32: Southampton | D32: =_xlfn.XLOOKUP(C32,'Territory List'!$D$2:$D$352,'Territory List'!$G$2:$G$352) -> 3 | E32: =VLOOKUP(A32,'3-Sue'!$A$2:$F$22,3,FALSE) -> Sent material | F32: =VLOOKUP(A32,'3-Sue'!$A$1:$H$45,7,FALSE) -> 0 | G32: =VLOOKUP(A32,'3-Sue'!$A$2:$F$22,4,FALSE) -> - | H32: =VLOOKUP(A32,'3-Sue'!$A$2:$F$22,5,FALSE) -> - | I32: =VLOOKUP(A32,'3-Sue'!$A$2:$F$22,6,FALSE) -> - | J32: =VLOOKUP(A32,'3-Sue'!$A$1:$H$45,8,FALSE) -> 0
A33: SOUTH HADLEY, TOWN OF | B33: SOUTH HADLEY | C33: South Hadley | D33: =_xlfn.XLOOKUP(C33,'Territory List'!$D$2:$D$352,'Territory List'!$G$2:$G$352) -> 3 | E33: =VLOOKUP(A33,'3-Sue'!$A$2:$F$22,3,FALSE) -> 46051 | F33: =VLOOKUP(A33,'3-Sue'!$A$1:$H$45,7,FALSE) -> 0 | G33: =VLOOKUP(A33,'3-Sue'!$A$2:$F$22,4,FALSE) -> Donna and Lisa (TA) (Lunch only with Donna) | H33: =VLOOKUP(A33,'3-Sue'!$A$2:$F$22,5,FALSE) -> - | I33: =VLOOKUP(A33,'3-Sue'!$A$2:$F$22,6,FALSE) -> - | J33: =VLOOKUP(A33,'3-Sue'!$A$1:$H$45,8,FALSE) -> 0
A34: SOUTH HADLEY FIRE DISTRICT #1 | B34: SOUTH HADLEY | C34: South Hadley | D34: =_xlfn.XLOOKUP(C34,'Territory List'!$D$2:$D$352,'Territory List'!$G$2:$G$352) -> 3 | E34: =VLOOKUP(A34,'3-Sue'!$A$2:$F$22,3,FALSE) -> 4/30 @ 11am | F34: =VLOOKUP(A34,'3-Sue'!$A$1:$H$45,7,FALSE) -> 0 | G34: =VLOOKUP(A34,'3-Sue'!$A$2:$F$22,4,FALSE) -> For annual review invite committee** | H34: =VLOOKUP(A34,'3-Sue'!$A$2:$F$22,5,FALSE) -> - | I34: =VLOOKUP(A34,'3-Sue'!$A$2:$F$22,6,FALSE) -> - | J34: =VLOOKUP(A34,'3-Sue'!$A$1:$H$45,8,FALSE) -> 0
A35: NORTHAMPTON, CITY OF | B35: NORTHAMPTON | C35: Northampton | D35: =_xlfn.XLOOKUP(C35,'Territory List'!$D$2:$D$352,'Territory List'!$G$2:$G$352) -> 3 | E35: =VLOOKUP(A35,'3-Sue'!$A$2:$F$22,3,FALSE) -> - | F35: =VLOOKUP(A35,'3-Sue'!$A$1:$H$45,7,FALSE) -> 0 | G35: =VLOOKUP(A35,'3-Sue'!$A$2:$F$22,4,FALSE) -> Meet with Trust Comm once year | H35: =VLOOKUP(A35,'3-Sue'!$A$2:$F$22,5,FALSE) -> - | I35: =VLOOKUP(A35,'3-Sue'!$A$2:$F$22,6,FALSE) -> - | J35: =VLOOKUP(A35,'3-Sue'!$A$1:$H$45,8,FALSE) -> 0
A36: HIGHLAND VALLEY ELDER SERVICES | B36: NORTHAMPTON | C36: Northampton | D36: =_xlfn.XLOOKUP(C36,'Territory List'!$D$2:$D$352,'Territory List'!$G$2:$G$352) -> 3 | E36: =VLOOKUP(A36,'3-Sue'!$A$2:$F$22,3,FALSE) -> 5/4 @ 3pm virtual | F36: =VLOOKUP(A36,'3-Sue'!$A$1:$H$45,7,FALSE) -> 0 | G36: =VLOOKUP(A36,'3-Sue'!$A$2:$F$22,4,FALSE) -> - | H36: =VLOOKUP(A36,'3-Sue'!$A$2:$F$22,5,FALSE) -> - | I36: =VLOOKUP(A36,'3-Sue'!$A$2:$F$22,6,FALSE) -> 2 advisors | J36: =VLOOKUP(A36,'3-Sue'!$A$1:$H$45,8,FALSE) -> 0
A37: HATFIELD, TOWN OF | B37: HATFIELD | C37: Hatfield | D37: =_xlfn.XLOOKUP(C37,'Territory List'!$D$2:$D$352,'Territory List'!$G$2:$G$352) -> 3 | E37: =VLOOKUP(A37,'3-Sue'!$A$2:$F$22,3,FALSE) -> 5/19 @ 9:30 | F37: =VLOOKUP(A37,'3-Sue'!$A$1:$H$45,7,FALSE) -> 9/15 @ 10am | G37: =VLOOKUP(A37,'3-Sue'!$A$2:$F$22,4,FALSE) -> - | H37: =VLOOKUP(A37,'3-Sue'!$A$2:$F$22,5,FALSE) -> - | I37: =VLOOKUP(A37,'3-Sue'!$A$2:$F$22,6,FALSE) -> - | J37: =VLOOKUP(A37,'3-Sue'!$A$1:$H$45,8,FALSE) -> 0
A38: HADLEY, TOWN OF | B38: HADLEY | C38: Hadley | D38: =_xlfn.XLOOKUP(C38,'Territory List'!$D$2:$D$352,'Territory List'!$G$2:$G$352) -> 3 | E38: =VLOOKUP(A38,'3-Sue'!$A$2:$F$22,3,FALSE) -> Sent material | F38: =VLOOKUP(A38,'3-Sue'!$A$1:$H$45,7,FALSE) -> 0 | G38: =VLOOKUP(A38,'3-Sue'!$A$2:$F$22,4,FALSE) -> - | H38: =VLOOKUP(A38,'3-Sue'!$A$2:$F$22,5,FALSE) -> - | I38: =VLOOKUP(A38,'3-Sue'!$A$2:$F$22,6,FALSE) -> - | J38: =VLOOKUP(A38,'3-Sue'!$A$1:$H$45,8,FALSE) -> 0
A39: FRIENDS OF FORBES LIBRARY | B39: NORTHAMPTON | C39: Northampton | D39: =_xlfn.XLOOKUP(C39,'Territory List'!$D$2:$D$352,'Territory List'!$G$2:$G$352) -> 3 | E39: =VLOOKUP(A39,'3-Sue'!$A$2:$F$22,3,FALSE) -> - | F39: =VLOOKUP(A39,'3-Sue'!$A$1:$H$45,7,FALSE) -> 0 | G39: =VLOOKUP(A39,'3-Sue'!$A$2:$F$22,4,FALSE) -> No Acct. rpt./Meet annually | H39: =VLOOKUP(A39,'3-Sue'!$A$2:$F$22,5,FALSE) -> 14 | I39: =VLOOKUP(A39,'3-Sue'!$A$2:$F$22,6,FALSE) -> 2 advisors | J39: =VLOOKUP(A39,'3-Sue'!$A$1:$H$45,8,FALSE) -> 0
A40: FORBES LIBRARY | B40: NORTHAMPTON | C40: Northampton | D40: =_xlfn.XLOOKUP(C40,'Territory List'!$D$2:$D$352,'Territory List'!$G$2:$G$352) -> 3 | E40: =VLOOKUP(A40,'3-Sue'!$A$2:$F$22,3,FALSE) -> 46076 | F40: =VLOOKUP(A40,'3-Sue'!$A$1:$H$45,7,FALSE) -> 0 | G40: =VLOOKUP(A40,'3-Sue'!$A$2:$F$22,4,FALSE) -> - | H40: =VLOOKUP(A40,'3-Sue'!$A$2:$F$22,5,FALSE) -> 13 | I40: =VLOOKUP(A40,'3-Sue'!$A$2:$F$22,6,FALSE) -> Kathleen | J40: =VLOOKUP(A40,'3-Sue'!$A$1:$H$45,8,FALSE) -> 0
A41: EASTHAMPTON, CITY OF | B41: EASTHAMPTON | C41: Easthampton | D41: =_xlfn.XLOOKUP(C41,'Territory List'!$D$2:$D$352,'Territory List'!$G$2:$G$352) -> 3 | E41: =VLOOKUP(A41,'3-Sue'!$A$2:$F$22,3,FALSE) -> 4/30 @ 1pm | F41: =VLOOKUP(A41,'3-Sue'!$A$1:$H$45,7,FALSE) -> 9/15 @ 2pm | G41: =VLOOKUP(A41,'3-Sue'!$A$2:$F$22,4,FALSE) -> - | H41: =VLOOKUP(A41,'3-Sue'!$A$2:$F$22,5,FALSE) -> - | I41: =VLOOKUP(A41,'3-Sue'!$A$2:$F$22,6,FALSE) -> - | J41: =VLOOKUP(A41,'3-Sue'!$A$1:$H$45,8,FALSE) -> 0
... A44: AGAWAM, TOWN OF | B44: AGAWAM | C44: Agawam | D44: =_xlfn.XLOOKUP(C44,'Territory List'!$D$2:$D$352,'Territory List'!$G$2:$G$352) -> 3 | E44: =VLOOKUP(A44,'3-Sue'!$A$2:$F$22,3,FALSE) -> 3/20/26 @ 11:00 lunch | F44: =VLOOKUP(A44,'3-Sue'!$A$1:$H$45,7,FALSE) -> 0 | G44: =VLOOKUP(A44,'3-Sue'!$A$2:$F$22,4,FALSE) -> Maybe include Mayor at next review* | H44: =VLOOKUP(A44,'3-Sue'!$A$2:$F$22,5,FALSE) -> 3 | I44: =VLOOKUP(A44,'3-Sue'!$A$2:$F$22,6,FALSE) -> - | J44: =VLOOKUP(A44,'3-Sue'!$A$1:$H$45,8,FALSE) -> 0
A45: SOUTH DEERFIELD FIRE DISTRICT | B45: DEERFIELD | C45: Deerfield | D45: 3 | E45: =VLOOKUP(A45,'3-Sue'!$A$2:$F$21,3,FALSE) -> 46035 | F45: =VLOOKUP(A45,'3-Sue'!$A$1:$H$40,7,FALSE) -> 0 | G45: =VLOOKUP(A45,'3-Sue'!$A$2:$F$21,4,FALSE) -> - | H45: =VLOOKUP(A45,'3-Sue'!$A$2:$F$21,5,FALSE) -> - | I45: =VLOOKUP(A45,'3-Sue'!$A$2:$F$21,6,FALSE) -> - | J45: =VLOOKUP(A45,'3-Sue'!$A$1:$H$40,8,FALSE) -> 0
A46: FRONTIER RSD | B46: DEERFIELD | C46: Deerfield | D46: 3 | E46: =VLOOKUP(A46,'3-Sue'!$A$2:$F$21,3,FALSE) -> 46030 | F46: =VLOOKUP(A46,'3-Sue'!$A$1:$H$40,7,FALSE) -> 0 | G46: =VLOOKUP(A46,'3-Sue'!$A$2:$F$21,4,FALSE) -> - | H46: =VLOOKUP(A46,'3-Sue'!$A$2:$F$21,5,FALSE) -> - | I46: =VLOOKUP(A46,'3-Sue'!$A$2:$F$21,6,FALSE) -> - | J46: =VLOOKUP(A46,'3-Sue'!$A$1:$H$40,8,FALSE) -> 0
A47: DEERFIELD, TOWN OF | B47: DEERFIELD | C47: Deerfield | D47: 3 | E47: =VLOOKUP(A47,'3-Sue'!$A$2:$F$21,3,FALSE) -> 46035 | F47: =VLOOKUP(A47,'3-Sue'!$A$1:$H$40,7,FALSE) -> 0 | G47: =VLOOKUP(A47,'3-Sue'!$A$2:$F$21,4,FALSE) -> 0 | H47: =VLOOKUP(A47,'3-Sue'!$A$2:$F$21,5,FALSE) -> 3 | I47: =VLOOKUP(A47,'3-Sue'!$A$2:$F$21,6,FALSE) -> - | J47: =VLOOKUP(A47,'3-Sue'!$A$1:$H$40,8,FALSE) -> 0
A48: WARWICK, TOWN OF | B48: WARWICK | C48: Warwick | D48: =_xlfn.XLOOKUP(C48,'Territory List'!$D$2:$D$352,'Territory List'!$G$2:$G$352) -> 4 | E48: =VLOOKUP(A48,'4-Sue'!$A$2:$F$21,3,FALSE) -> 4/21 @10am | F48: =VLOOKUP(A48,'4-Sue'!$A$1:$H$40,7,FALSE) -> 10/13 @ 12 | G48: =VLOOKUP(A48,'4-Sue'!$A$2:$F$21,4,FALSE) -> Wed & Thurs Hours only 9-4pm | H48: =VLOOKUP(A48,'4-Sue'!$A$2:$F$21,5,FALSE) -> 3 | I48: =VLOOKUP(A48,'4-Sue'!$A$2:$F$21,6,FALSE) -> - | J48: =VLOOKUP(A48,'4-Sue'!$A$1:$H$40,8,FALSE) -> 0
A49: SHUTESBURY, TOWN OF | B49: SHUTESBURY | C49: Shutesbury | D49: =_xlfn.XLOOKUP(C49,'Territory List'!$D$2:$D$352,'Territory List'!$G$2:$G$352) -> 4 | E49: =VLOOKUP(A49,'4-Sue'!$A$2:$F$21,3,FALSE) -> 4/21 @ 10am | F49: =VLOOKUP(A49,'4-Sue'!$A$1:$H$40,7,FALSE) -> 10/13 @ 12pm | G49: =VLOOKUP(A49,'4-Sue'!$A$2:$F$21,4,FALSE) -> - | H49: =VLOOKUP(A49,'4-Sue'!$A$2:$F$21,5,FALSE) -> - | I49: =VLOOKUP(A49,'4-Sue'!$A$2:$F$21,6,FALSE) -> - | J49: =VLOOKUP(A49,'4-Sue'!$A$1:$H$40,8,FALSE) -> 0
A50: SHELBURNE, TOWN OF | B50: SHELBURNE | C50: Shelburne | D50: =_xlfn.XLOOKUP(C50,'Territory List'!$D$2:$D$352,'Territory List'!$G$2:$G$352) -> 4 | E50: =VLOOKUP(A50,'4-Sue'!$A$2:$F$21,3,FALSE) -> 4/29 @ 11am | F50: =VLOOKUP(A50,'4-Sue'!$A$1:$H$40,7,FALSE) -> 0 | G50: =VLOOKUP(A50,'4-Sue'!$A$2:$F$21,4,FALSE) -> - | H50: =VLOOKUP(A50,'4-Sue'!$A$2:$F$21,5,FALSE) -> - | I50: =VLOOKUP(A50,'4-Sue'!$A$2:$F$21,6,FALSE) -> - | J50: =VLOOKUP(A50,'4-Sue'!$A$1:$H$40,8,FALSE) -> 0
A51: RALPH C. MAHAR RSD | B51: ORANGE | C51: Orange | D51: =_xlfn.XLOOKUP(C51,'Territory List'!$D$2:$D$352,'Territory List'!$G$2:$G$352) -> 4 | E51: =VLOOKUP(A51,'4-Sue'!$A$2:$F$21,3,FALSE) -> 4/23 @11:30 | F51: =VLOOKUP(A51,'4-Sue'!$A$1:$H$40,7,FALSE) -> 0 | G51: =VLOOKUP(A51,'4-Sue'!$A$2:$F$21,4,FALSE) -> - | H51: =VLOOKUP(A51,'4-Sue'!$A$2:$F$21,5,FALSE) -> - | I51: =VLOOKUP(A51,'4-Sue'!$A$2:$F$21,6,FALSE) -> - | J51: =VLOOKUP(A51,'4-Sue'!$A$1:$H$40,8,FALSE) -> 0
A52: PELHAM, TOWN OF | B52: PELHAM | C52: Pelham | D52: =_xlfn.XLOOKUP(C52,'Territory List'!$D$2:$D$352,'Territory List'!$G$2:$G$352) -> 4 | E52: =VLOOKUP(A52,'4-Sue'!$A$2:$F$21,3,FALSE) -> No T/C | F52: =VLOOKUP(A52,'4-Sue'!$A$1:$H$40,7,FALSE) -> 0 | G52: =VLOOKUP(A52,'4-Sue'!$A$2:$F$21,4,FALSE) -> - | H52: =VLOOKUP(A52,'4-Sue'!$A$2:$F$21,5,FALSE) -> - | I52: =VLOOKUP(A52,'4-Sue'!$A$2:$F$21,6,FALSE) -> - | J52: =VLOOKUP(A52,'4-Sue'!$A$1:$H$40,8,FALSE) -> 0
A53: ORANGE, TOWN OF | B53: ORANGE | C53: Orange | D53: =_xlfn.XLOOKUP(C53,'Territory List'!$D$2:$D$352,'Territory List'!$G$2:$G$352) -> 4 | E53: =VLOOKUP(A53,'4-Sue'!$A$2:$F$21,3,FALSE) -> 4/21 @ 10am | F53: =VLOOKUP(A53,'4-Sue'!$A$1:$H$40,7,FALSE) -> 10/13 @ 12pm | G53: =VLOOKUP(A53,'4-Sue'!$A$2:$F$21,4,FALSE) -> 0 | H53: =VLOOKUP(A53,'4-Sue'!$A$2:$F$21,5,FALSE) -> 3 | I53: =VLOOKUP(A53,'4-Sue'!$A$2:$F$21,6,FALSE) -> - | J53: =VLOOKUP(A53,'4-Sue'!$A$1:$H$40,8,FALSE) -> 0
A54: NORTHFIELD, TOWN OF | B54: NORTHFIELD | C54: Northfield | D54: =_xlfn.XLOOKUP(C54,'Territory List'!$D$2:$D$352,'Territory List'!$G$2:$G$352) -> 4 | E54: =VLOOKUP(A54,'4-Sue'!$A$2:$F$21,3,FALSE) -> 46077 | F54: =VLOOKUP(A54,'4-Sue'!$A$1:$H$40,7,FALSE) -> 0 | G54: =VLOOKUP(A54,'4-Sue'!$A$2:$F$21,4,FALSE) -> - | H54: =VLOOKUP(A54,'4-Sue'!$A$2:$F$21,5,FALSE) -> - | I54: =VLOOKUP(A54,'4-Sue'!$A$2:$F$21,6,FALSE) -> - | J54: =VLOOKUP(A54,'4-Sue'!$A$1:$H$40,8,FALSE) -> 0
A55: NEW SALEM, TOWN OF | B55: NEW SALEM | C55: New Salem | D55: =_xlfn.XLOOKUP(C55,'Territory List'!$D$2:$D$352,'Territory List'!$G$2:$G$352) -> 4 | E55: =VLOOKUP(A55,'4-Sue'!$A$2:$F$21,3,FALSE) -> 4/23 @ 9:15 am | F55: =VLOOKUP(A55,'4-Sue'!$A$1:$H$40,7,FALSE) -> 0 | G55: =VLOOKUP(A55,'4-Sue'!$A$2:$F$21,4,FALSE) -> - | H55: =VLOOKUP(A55,'4-Sue'!$A$2:$F$21,5,FALSE) -> 1 | I55: =VLOOKUP(A55,'4-Sue'!$A$2:$F$21,6,FALSE) -> - | J55: =VLOOKUP(A55,'4-Sue'!$A$1:$H$40,8,FALSE) -> 0
A56: MONTAGUE, TOWN OF | B56: MONTAGUE | C56: Montague | D56: =_xlfn.XLOOKUP(C56,'Territory List'!$D$2:$D$352,'Territory List'!$G$2:$G$352) -> 4 | E56: =VLOOKUP(A56,'4-Sue'!$A$2:$F$21,3,FALSE) -> 4/16 @ 10am | F56: =VLOOKUP(A56,'4-Sue'!$A$1:$H$40,7,FALSE) -> 0 | G56: =VLOOKUP(A56,'4-Sue'!$A$2:$F$21,4,FALSE) -> - | H56: =VLOOKUP(A56,'4-Sue'!$A$2:$F$21,5,FALSE) -> - | I56: =VLOOKUP(A56,'4-Sue'!$A$2:$F$21,6,FALSE) -> - | J56: =VLOOKUP(A56,'4-Sue'!$A$1:$H$40,8,FALSE) -> 0
A57: MOHAWK TRAIL RSD | B57: SHELBURNE | C57: Shelburne | D57: =_xlfn.XLOOKUP(C57,'Territory List'!$D$2:$D$352,'Territory List'!$G$2:$G$352) -> 4 | E57: =VLOOKUP(A57,'4-Sue'!$A$2:$F$21,3,FALSE) -> 46092 | F57: =VLOOKUP(A57,'4-Sue'!$A$1:$H$40,7,FALSE) -> 0 | G57: =VLOOKUP(A57,'4-Sue'!$A$2:$F$21,4,FALSE) -> Annual March School Committee/Neilman Scholarship | H57: =VLOOKUP(A57,'4-Sue'!$A$2:$F$21,5,FALSE) -> 20 | I57: =VLOOKUP(A57,'4-Sue'!$A$2:$F$21,6,FALSE) -> 2 advisors | J57: =VLOOKUP(A57,'4-Sue'!$A$1:$H$40,8,FALSE) -> 0
A58: LEVERETT, TOWN OF | B58: LEVERETT | C58: Leverett | D58: =_xlfn.XLOOKUP(C58,'Territory List'!$D$2:$D$352,'Territory List'!$G$2:$G$352) -> 4 | E58: =VLOOKUP(A58,'4-Sue'!$A$2:$F$21,3,FALSE) -> 4/21 @10am | F58: =VLOOKUP(A58,'4-Sue'!$A$1:$H$40,7,FALSE) -> 10/13 @ 12pm | G58: =VLOOKUP(A58,'4-Sue'!$A$2:$F$21,4,FALSE) -> - | H58: =VLOOKUP(A58,'4-Sue'!$A$2:$F$21,5,FALSE) -> - | I58: =VLOOKUP(A58,'4-Sue'!$A$2:$F$21,6,FALSE) -> - | J58: =VLOOKUP(A58,'4-Sue'!$A$1:$H$40,8,FALSE) -> 0
A59: GILL-MONTAGUE RSD | B59: MONTAGUE | C59: Montague | D59: =_xlfn.XLOOKUP(C59,'Territory List'!$D$2:$D$352,'Territory List'!$G$2:$G$352) -> 4 | E59: =VLOOKUP(A59,'4-Sue'!$A$2:$F$21,3,FALSE) -> 4/21 @ 10am | F59: =VLOOKUP(A59,'4-Sue'!$A$1:$H$40,7,FALSE) -> 10/13 @ 12pm | G59: =VLOOKUP(A59,'4-Sue'!$A$2:$F$21,4,FALSE) -> - | H59: =VLOOKUP(A59,'4-Sue'!$A$2:$F$21,5,FALSE) -> - | I59: =VLOOKUP(A59,'4-Sue'!$A$2:$F$21,6,FALSE) -> - | J59: =VLOOKUP(A59,'4-Sue'!$A$1:$H$40,8,FALSE) -> 0
... A67: ASHFIELD, TOWN OF | B67: ASHFIELD | C67: Ashfield | D67: =_xlfn.XLOOKUP(C67,'Territory List'!$D$2:$D$352,'Territory List'!$G$2:$G$352) -> 4 | E67: =VLOOKUP(A67,'4-Sue'!$A$2:$F$21,3,FALSE) -> 4/29 @ 1pm | F67: =VLOOKUP(A67,'4-Sue'!$A$1:$H$40,7,FALSE) -> 0 | G67: =VLOOKUP(A67,'4-Sue'!$A$2:$F$21,4,FALSE) -> - | H67: =VLOOKUP(A67,'4-Sue'!$A$2:$F$21,5,FALSE) -> 3 | I67: =VLOOKUP(A67,'4-Sue'!$A$2:$F$21,6,FALSE) -> - | J67: =VLOOKUP(A67,'4-Sue'!$A$1:$H$40,8,FALSE) -> 0
A68: WINCHENDON, TOWN OF | B68: WINCHENDON | C68: Winchendon | D68: =_xlfn.XLOOKUP(C68,'Territory List'!$D$2:$D$352,'Territory List'!$G$2:$G$352) -> 5 | E68: =VLOOKUP(A68,'5-Brian'!$A$2:$F$26,3,FALSE) -> 46176 | F68: =VLOOKUP(A68,'5-Brian'!$A$1:$H$36,7,FALSE) -> 0 | G68: =VLOOKUP(A68,'5-Brian'!$A$2:$F$26,4,FALSE) -> - | H68: =VLOOKUP(A68,'5-Brian'!$A$2:$F$26,5,FALSE) -> - | I68: =VLOOKUP(A68,'5-Brian'!$A$2:$F$26,6,FALSE) -> - | J68: =VLOOKUP(A68,'5-Brian'!$A$1:$H$40,8,FALSE) -> 0
A69: WESTMINSTER, TOWN OF | B69: WESTMINSTER | C69: Westminster | D69: =_xlfn.XLOOKUP(C69,'Territory List'!$D$2:$D$352,'Territory List'!$G$2:$G$352) -> 5 | E69: =VLOOKUP(A69,'5-Brian'!$A$2:$F$26,3,FALSE) -> 46114 | F69: =VLOOKUP(A69,'5-Brian'!$A$1:$H$36,7,FALSE) -> 9/16/26? | G69: =VLOOKUP(A69,'5-Brian'!$A$2:$F$26,4,FALSE) -> - | H69: =VLOOKUP(A69,'5-Brian'!$A$2:$F$26,5,FALSE) -> - | I69: =VLOOKUP(A69,'5-Brian'!$A$2:$F$26,6,FALSE) -> - | J69: =VLOOKUP(A69,'5-Brian'!$A$1:$H$40,8,FALSE) -> 0
A70: TOWNSEND, TOWN OF | B70: TOWNSEND | C70: Townsend | D70: =_xlfn.XLOOKUP(C70,'Territory List'!$D$2:$D$352,'Territory List'!$G$2:$G$352) -> 5 | E70: =VLOOKUP(A70,'5-Brian'!$A$2:$F$26,3,FALSE) -> 46114 | F70: =VLOOKUP(A70,'5-Brian'!$A$1:$H$36,7,FALSE) -> 46275 | G70: =VLOOKUP(A70,'5-Brian'!$A$2:$F$26,4,FALSE) -> - | H70: =VLOOKUP(A70,'5-Brian'!$A$2:$F$26,5,FALSE) -> - | I70: =VLOOKUP(A70,'5-Brian'!$A$2:$F$26,6,FALSE) -> - | J70: =VLOOKUP(A70,'5-Brian'!$A$1:$H$40,8,FALSE) -> 0
A71: TEMPLETON, TOWN OF | B71: TEMPLETON | C71: Templeton | D71: =_xlfn.XLOOKUP(C71,'Territory List'!$D$2:$D$352,'Territory List'!$G$2:$G$352) -> 5 | E71: =VLOOKUP(A71,'5-Brian'!$A$2:$F$26,3,FALSE) -> 46217 | F71: =VLOOKUP(A71,'5-Brian'!$A$1:$H$36,7,FALSE) -> 0 | G71: =VLOOKUP(A71,'5-Brian'!$A$2:$F$26,4,FALSE) -> - | H71: =VLOOKUP(A71,'5-Brian'!$A$2:$F$26,5,FALSE) -> - | I71: =VLOOKUP(A71,'5-Brian'!$A$2:$F$26,6,FALSE) -> - | J71: =VLOOKUP(A71,'5-Brian'!$A$1:$H$40,8,FALSE) -> 0
A72: SHIRLEY, TOWN OF | B72: SHIRLEY | C72: Shirley | D72: =_xlfn.XLOOKUP(C72,'Territory List'!$D$2:$D$352,'Territory List'!$G$2:$G$352) -> 5 | E72: =VLOOKUP(A72,'5-Brian'!$A$2:$F$26,3,FALSE) -> 46114 | F72: =VLOOKUP(A72,'5-Brian'!$A$1:$H$36,7,FALSE) -> 9/15/26? | G72: =VLOOKUP(A72,'5-Brian'!$A$2:$F$26,4,FALSE) -> - | H72: =VLOOKUP(A72,'5-Brian'!$A$2:$F$26,5,FALSE) -> - | I72: =VLOOKUP(A72,'5-Brian'!$A$2:$F$26,6,FALSE) -> - | J72: =VLOOKUP(A72,'5-Brian'!$A$1:$H$40,8,FALSE) -> 0
A73: RUTLAND, TOWN OF | B73: RUTLAND | C73: Rutland | D73: =_xlfn.XLOOKUP(C73,'Territory List'!$D$2:$D$352,'Territory List'!$G$2:$G$352) -> 5 | E73: =VLOOKUP(A73,'5-Brian'!$A$2:$F$26,3,FALSE) -> 46139 | F73: =VLOOKUP(A73,'5-Brian'!$A$1:$H$36,7,FALSE) -> 46274 | G73: =VLOOKUP(A73,'5-Brian'!$A$2:$F$26,4,FALSE) -> - | H73: =VLOOKUP(A73,'5-Brian'!$A$2:$F$26,5,FALSE) -> - | I73: =VLOOKUP(A73,'5-Brian'!$A$2:$F$26,6,FALSE) -> - | J73: =VLOOKUP(A73,'5-Brian'!$A$1:$H$40,8,FALSE) -> 0
A74: RUFUS PUTNAM | B74: RUTLAND | C74: Rutland | D74: =_xlfn.XLOOKUP(C74,'Territory List'!$D$2:$D$352,'Territory List'!$G$2:$G$352) -> 5 | E74: =VLOOKUP(A74,'5-Brian'!$A$2:$F$26,3,FALSE) -> 0 | F74: =VLOOKUP(A74,'5-Brian'!$A$1:$H$36,7,FALSE) -> 0 | G74: =VLOOKUP(A74,'5-Brian'!$A$2:$F$26,4,FALSE) -> no contact, emailed performace reports | H74: =VLOOKUP(A74,'5-Brian'!$A$2:$F$26,5,FALSE) -> - | I74: =VLOOKUP(A74,'5-Brian'!$A$2:$F$26,6,FALSE) -> - | J74: =VLOOKUP(A74,'5-Brian'!$A$1:$H$40,8,FALSE) -> 0
A75: PRINCETON, TOWN OF | B75: PRINCETON | C75: Princeton | D75: =_xlfn.XLOOKUP(C75,'Territory List'!$D$2:$D$352,'Territory List'!$G$2:$G$352) -> 5 | E75: =VLOOKUP(A75,'5-Brian'!$A$2:$F$26,3,FALSE) -> 46050 | F75: =VLOOKUP(A75,'5-Brian'!$A$1:$H$36,7,FALSE) -> 0 | G75: =VLOOKUP(A75,'5-Brian'!$A$2:$F$26,4,FALSE) -> - | H75: =VLOOKUP(A75,'5-Brian'!$A$2:$F$26,5,FALSE) -> - | I75: =VLOOKUP(A75,'5-Brian'!$A$2:$F$26,6,FALSE) -> - | J75: =VLOOKUP(A75,'5-Brian'!$A$1:$H$40,8,FALSE) -> 0
A76: PRINCETON TRUSTEES | B76: PRINCETON | C76: Princeton | D76: 5 | E76: =VLOOKUP(A76,'5-Brian'!$A$2:$F$26,3,FALSE) -> #N/A | F76: =VLOOKUP(A76,'5-Brian'!$A$1:$H$36,7,FALSE) -> #N/A | G76: =VLOOKUP(A76,'5-Brian'!$A$2:$F$26,4,FALSE) -> #N/A | H76: =VLOOKUP(A76,'5-Brian'!$A$2:$F$26,5,FALSE) -> #N/A | I76: =VLOOKUP(A76,'5-Brian'!$A$2:$F$26,6,FALSE) -> #N/A | J76: =_xlfn.IFNA(VLOOKUP(A76,'13-Michelle'!$A$1:$H$35,8,FALSE),0) -> 0
A77: PHILLIPSTON, TOWN OF | B77: PHILLIPSTON | C77: Phillipston | D77: =_xlfn.XLOOKUP(C77,'Territory List'!$D$2:$D$352,'Territory List'!$G$2:$G$352) -> 5 | E77: =VLOOKUP(A77,'5-Brian'!$A$2:$F$26,3,FALSE) -> 46162 | F77: =VLOOKUP(A77,'5-Brian'!$A$1:$H$36,7,FALSE) -> 0 | G77: =VLOOKUP(A77,'5-Brian'!$A$2:$F$26,4,FALSE) -> - | H77: =VLOOKUP(A77,'5-Brian'!$A$2:$F$26,5,FALSE) -> - | I77: =VLOOKUP(A77,'5-Brian'!$A$2:$F$26,6,FALSE) -> - | J77: =VLOOKUP(A77,'5-Brian'!$A$1:$H$40,8,FALSE) -> 0
A78: PETERSHAM, TOWN OF | B78: PETERSHAM | C78: Petersham | D78: =_xlfn.XLOOKUP(C78,'Territory List'!$D$2:$D$352,'Territory List'!$G$2:$G$352) -> 5 | E78: =VLOOKUP(A78,'5-Brian'!$A$2:$F$26,3,FALSE) -> 46097 | F78: =VLOOKUP(A78,'5-Brian'!$A$1:$H$36,7,FALSE) -> 46281 | G78: =VLOOKUP(A78,'5-Brian'!$A$2:$F$26,4,FALSE) -> Lunch Review preferred | H78: =VLOOKUP(A78,'5-Brian'!$A$2:$F$26,5,FALSE) -> - | I78: =VLOOKUP(A78,'5-Brian'!$A$2:$F$26,6,FALSE) -> - | J78: =VLOOKUP(A78,'5-Brian'!$A$1:$H$40,8,FALSE) -> 0
A79: PEPPERELL, TOWN OF | B79: PEPPERELL | C79: Pepperell | D79: =_xlfn.XLOOKUP(C79,'Territory List'!$D$2:$D$352,'Territory List'!$G$2:$G$352) -> 5 | E79: =VLOOKUP(A79,'5-Brian'!$A$2:$F$26,3,FALSE) -> email out | F79: =VLOOKUP(A79,'5-Brian'!$A$1:$H$36,7,FALSE) -> 0 | G79: =VLOOKUP(A79,'5-Brian'!$A$2:$F$26,4,FALSE) -> - | H79: =VLOOKUP(A79,'5-Brian'!$A$2:$F$26,5,FALSE) -> - | I79: =VLOOKUP(A79,'5-Brian'!$A$2:$F$26,6,FALSE) -> - | J79: =VLOOKUP(A79,'5-Brian'!$A$1:$H$40,8,FALSE) -> 0
A80: OAKHAM, TOWN OF | B80: OAKHAM | C80: Oakham | D80: =_xlfn.XLOOKUP(C80,'Territory List'!$D$2:$D$352,'Territory List'!$G$2:$G$352) -> 5 | E80: =VLOOKUP(A80,'5-Brian'!$A$2:$F$26,3,FALSE) -> Sara Hunter | F80: =VLOOKUP(A80,'5-Brian'!$A$1:$H$36,7,FALSE) -> 0 | G80: =VLOOKUP(A80,'5-Brian'!$A$2:$F$26,4,FALSE) -> - | H80: =VLOOKUP(A80,'5-Brian'!$A$2:$F$26,5,FALSE) -> - | I80: =VLOOKUP(A80,'5-Brian'!$A$2:$F$26,6,FALSE) -> - | J80: =VLOOKUP(A80,'5-Brian'!$A$1:$H$40,8,FALSE) -> 0
A81: NORTH MIDDLESEX RSD | B81: TOWNSEND | C81: Townsend | D81: =_xlfn.XLOOKUP(C81,'Territory List'!$D$2:$D$352,'Territory List'!$G$2:$G$352) -> 5 | E81: =VLOOKUP(A81,'5-Brian'!$A$2:$F$26,3,FALSE) -> 46174 | F81: =VLOOKUP(A81,'5-Brian'!$A$1:$H$36,7,FALSE) -> 0 | G81: =VLOOKUP(A81,'5-Brian'!$A$2:$F$26,4,FALSE) -> - | H81: =VLOOKUP(A81,'5-Brian'!$A$2:$F$26,5,FALSE) -> - | I81: =VLOOKUP(A81,'5-Brian'!$A$2:$F$26,6,FALSE) -> - | J81: =VLOOKUP(A81,'5-Brian'!$A$1:$H$40,8,FALSE) -> 0
A82: NARRAGANSETT RSD | B82: TEMPLETON | C82: Templeton | D82: =_xlfn.XLOOKUP(C82,'Territory List'!$D$2:$D$352,'Territory List'!$G$2:$G$352) -> 5 | E82: =VLOOKUP(A82,'5-Brian'!$A$2:$F$26,3,FALSE) -> - | F82: =VLOOKUP(A82,'5-Brian'!$A$1:$H$36,7,FALSE) -> 0 | G82: =VLOOKUP(A82,'5-Brian'!$A$2:$F$26,4,FALSE) -> Available Fridays only 8:00am-4:00pm Drop ins okay | H82: =VLOOKUP(A82,'5-Brian'!$A$2:$F$26,5,FALSE) -> - | I82: =VLOOKUP(A82,'5-Brian'!$A$2:$F$26,6,FALSE) -> - | J82: =VLOOKUP(A82,'5-Brian'!$A$1:$H$40,8,FALSE) -> 0
A83: LUNENBURG, TOWN OF | B83: LUNENBURG | C83: Lunenburg | D83: =_xlfn.XLOOKUP(C83,'Territory List'!$D$2:$D$352,'Territory List'!$G$2:$G$352) -> 5 | E83: =VLOOKUP(A83,'5-Brian'!$A$2:$F$26,3,FALSE) -> - | F83: =VLOOKUP(A83,'5-Brian'!$A$1:$H$36,7,FALSE) -> 46268 | G83: =VLOOKUP(A83,'5-Brian'!$A$2:$F$26,4,FALSE) -> - | H83: =VLOOKUP(A83,'5-Brian'!$A$2:$F$26,5,FALSE) -> - | I83: =VLOOKUP(A83,'5-Brian'!$A$2:$F$26,6,FALSE) -> - | J83: =VLOOKUP(A83,'5-Brian'!$A$1:$H$40,8,FALSE) -> 0
A84: LEOMINSTER, CITY OF | B84: LEOMINSTER | C84: Leominster | D84: =_xlfn.XLOOKUP(C84,'Territory List'!$D$2:$D$352,'Territory List'!$G$2:$G$352) -> 5 | E84: =VLOOKUP(A84,'5-Brian'!$A$2:$F$26,3,FALSE) | F84: =VLOOKUP(A84,'5-Brian'!$A$1:$H$36,7,FALSE) -> 46281 | G84: =VLOOKUP(A84,'5-Brian'!$A$2:$F$26,4,FALSE) -> - | H84: =VLOOKUP(A84,'5-Brian'!$A$2:$F$26,5,FALSE) -> - | I84: =VLOOKUP(A84,'5-Brian'!$A$2:$F$26,6,FALSE) -> - | J84: =VLOOKUP(A84,'5-Brian'!$A$1:$H$40,8,FALSE) -> 0
A85: HUBBARDSTON, TOWN OF | B85: HUBBARDSTON | C85: Hubbardston | D85: =_xlfn.XLOOKUP(C85,'Territory List'!$D$2:$D$352,'Territory List'!$G$2:$G$352) -> 5 | E85: =VLOOKUP(A85,'5-Brian'!$A$2:$F$26,3,FALSE) -> 46099 | F85: =VLOOKUP(A85,'5-Brian'!$A$1:$H$36,7,FALSE) -> 46267 | G85: =VLOOKUP(A85,'5-Brian'!$A$2:$F$26,4,FALSE) -> - | H85: =VLOOKUP(A85,'5-Brian'!$A$2:$F$26,5,FALSE) -> - | I85: =VLOOKUP(A85,'5-Brian'!$A$2:$F$26,6,FALSE) -> - | J85: =VLOOKUP(A85,'5-Brian'!$A$1:$H$40,8,FALSE) -> 0
A86: HARDWICK, TOWN OF | B86: HARDWICK | C86: Hardwick | D86: =_xlfn.XLOOKUP(C86,'Territory List'!$D$2:$D$352,'Territory List'!$G$2:$G$352) -> 5 | E86: =VLOOKUP(A86,'5-Brian'!$A$2:$F$26,3,FALSE) -> 46099 | F86: =VLOOKUP(A86,'5-Brian'!$A$1:$H$36,7,FALSE) -> 46267 | G86: =VLOOKUP(A86,'5-Brian'!$A$2:$F$26,4,FALSE) -> - | H86: =VLOOKUP(A86,'5-Brian'!$A$2:$F$26,5,FALSE) -> - | I86: =VLOOKUP(A86,'5-Brian'!$A$2:$F$26,6,FALSE) -> - | J86: =VLOOKUP(A86,'5-Brian'!$A$1:$H$40,8,FALSE) -> 0
A87: GARDNER, CITY OF | B87: GARDNER | C87: Gardner | D87: =_xlfn.XLOOKUP(C87,'Territory List'!$D$2:$D$352,'Territory List'!$G$2:$G$352) -> 5 | E87: =VLOOKUP(A87,'5-Brian'!$A$2:$F$26,3,FALSE) -> 46106 | F87: =VLOOKUP(A87,'5-Brian'!$A$1:$H$36,7,FALSE) -> 46267 | G87: =VLOOKUP(A87,'5-Brian'!$A$2:$F$26,4,FALSE) -> - | H87: =VLOOKUP(A87,'5-Brian'!$A$2:$F$26,5,FALSE) -> - | I87: =VLOOKUP(A87,'5-Brian'!$A$2:$F$26,6,FALSE) -> - | J87: =VLOOKUP(A87,'5-Brian'!$A$1:$H$40,8,FALSE) -> 0
A88: FITCHBURG, CITY OF | B88: FITCHBURG | C88: Fitchburg | D88: =_xlfn.XLOOKUP(C88,'Territory List'!$D$2:$D$352,'Territory List'!$G$2:$G$352) -> 5 | E88: =VLOOKUP(A88,'5-Brian'!$A$2:$F$26,3,FALSE) -> 46097 | F88: =VLOOKUP(A88,'5-Brian'!$A$1:$H$36,7,FALSE) -> 46267 | G88: =VLOOKUP(A88,'5-Brian'!$A$2:$F$26,4,FALSE) -> - | H88: =VLOOKUP(A88,'5-Brian'!$A$2:$F$26,5,FALSE) -> - | I88: =VLOOKUP(A88,'5-Brian'!$A$2:$F$26,6,FALSE) -> - | J88: =VLOOKUP(A88,'5-Brian'!$A$1:$H$40,8,FALSE) -> 0
... A93: ASHBURNHAM, TOWN OF | B93: ASHBURNHAM | C93: Ashburnham | D93: =_xlfn.XLOOKUP(C93,'Territory List'!$D$2:$D$352,'Territory List'!$G$2:$G$352) -> 5 | E93: =VLOOKUP(A93,'5-Brian'!$A$2:$F$26,3,FALSE) -> 46140 | F93: =VLOOKUP(A93,'5-Brian'!$A$1:$H$36,7,FALSE) -> 9/10/26? | G93: =VLOOKUP(A93,'5-Brian'!$A$2:$F$26,4,FALSE) -> - | H93: =VLOOKUP(A93,'5-Brian'!$A$2:$F$26,5,FALSE) -> - | I93: =VLOOKUP(A93,'5-Brian'!$A$2:$F$26,6,FALSE) -> - | J93: =VLOOKUP(A93,'5-Brian'!$A$1:$H$40,8,FALSE) -> 0
A94: WILBRAHAM, TOWN OF | B94: WILBRAHAM | C94: Wilbraham | D94: =_xlfn.XLOOKUP(C94,'Territory List'!$D$2:$D$352,'Territory List'!$G$2:$G$352) -> 6 | E94: =VLOOKUP(A94,'6-Sue'!$A$2:$F$23,3,FALSE) -> 5/19/26 @ 1pm | F94: =VLOOKUP(A94,'6-Sue'!$A$1:$H$38,7,FALSE) -> 0 | G94: =VLOOKUP(A94,'6-Sue'!$A$2:$F$23,4,FALSE) -> - | H94: =VLOOKUP(A94,'6-Sue'!$A$2:$F$23,5,FALSE) -> - | I94: =VLOOKUP(A94,'6-Sue'!$A$2:$F$23,6,FALSE) -> - | J94: =VLOOKUP(A94,'6-Sue'!$A$1:$H$38,8,FALSE) -> 0
A95: WEST BROOKFIELD, TOWN OF | B95: WEST BROOKFIELD | C95: West Brookfield | D95: =_xlfn.XLOOKUP(C95,'Territory List'!$D$2:$D$352,'Territory List'!$G$2:$G$352) -> 6 | E95: =VLOOKUP(A95,'6-Sue'!$A$2:$F$23,3,FALSE) -> 4/1 @ 10am | F95: =VLOOKUP(A95,'6-Sue'!$A$1:$H$38,7,FALSE) -> 0 | G95: =VLOOKUP(A95,'6-Sue'!$A$2:$F$23,4,FALSE) -> - | H95: =VLOOKUP(A95,'6-Sue'!$A$2:$F$23,5,FALSE) -> - | I95: =VLOOKUP(A95,'6-Sue'!$A$2:$F$23,6,FALSE) -> - | J95: =VLOOKUP(A95,'6-Sue'!$A$1:$H$38,8,FALSE) -> 0
A96: WEBSTER, TOWN OF | B96: WEBSTER | C96: Webster | D96: =_xlfn.XLOOKUP(C96,'Territory List'!$D$2:$D$352,'Territory List'!$G$2:$G$352) -> 6 | E96: =VLOOKUP(A96,'6-Sue'!$A$2:$F$23,3,FALSE) -> 3/31 @ 1pm | F96: =VLOOKUP(A96,'6-Sue'!$A$1:$H$38,7,FALSE) -> 0 | G96: =VLOOKUP(A96,'6-Sue'!$A$2:$F$23,4,FALSE) -> 0 | H96: =VLOOKUP(A96,'6-Sue'!$A$2:$F$23,5,FALSE) -> 3 | I96: =VLOOKUP(A96,'6-Sue'!$A$2:$F$23,6,FALSE) -> - | J96: =VLOOKUP(A96,'6-Sue'!$A$1:$H$38,8,FALSE) -> 0
A97: WARREN, TOWN OF | B97: WARREN | C97: Warren | D97: =_xlfn.XLOOKUP(C97,'Territory List'!$D$2:$D$352,'Territory List'!$G$2:$G$352) -> 6 | E97: =VLOOKUP(A97,'6-Sue'!$A$2:$F$23,3,FALSE) -> 4/1 @ 3pm | F97: =VLOOKUP(A97,'6-Sue'!$A$1:$H$38,7,FALSE) -> 0 | G97: =VLOOKUP(A97,'6-Sue'!$A$2:$F$23,4,FALSE) -> - | H97: =VLOOKUP(A97,'6-Sue'!$A$2:$F$23,5,FALSE) -> - | I97: =VLOOKUP(A97,'6-Sue'!$A$2:$F$23,6,FALSE) -> - | J97: =VLOOKUP(A97,'6-Sue'!$A$1:$H$38,8,FALSE) -> 0
A98: WARE, TOWN OF | B98: WARE | C98: Ware | D98: =_xlfn.XLOOKUP(C98,'Territory List'!$D$2:$D$352,'Territory List'!$G$2:$G$352) -> 6 | E98: =VLOOKUP(A98,'6-Sue'!$A$2:$F$23,3,FALSE) -> 4/23/26 @2PM | F98: =VLOOKUP(A98,'6-Sue'!$A$1:$H$38,7,FALSE) -> 0 | G98: =VLOOKUP(A98,'6-Sue'!$A$2:$F$23,4,FALSE) -> - | H98: =VLOOKUP(A98,'6-Sue'!$A$2:$F$23,5,FALSE) -> - | I98: =VLOOKUP(A98,'6-Sue'!$A$2:$F$23,6,FALSE) -> - | J98: =VLOOKUP(A98,'6-Sue'!$A$1:$H$38,8,FALSE) -> 0
A99: WALES, TOWN OF | B99: WALES | C99: Wales | D99: =_xlfn.XLOOKUP(C99,'Territory List'!$D$2:$D$352,'Territory List'!$G$2:$G$352) -> 6 | E99: =VLOOKUP(A99,'6-Sue'!$A$2:$F$23,3,FALSE) -> tent 3/26 | F99: =VLOOKUP(A99,'6-Sue'!$A$1:$H$38,7,FALSE) -> 0 | G99: =VLOOKUP(A99,'6-Sue'!$A$2:$F$23,4,FALSE) -> - | H99: =VLOOKUP(A99,'6-Sue'!$A$2:$F$23,5,FALSE) -> 3 | I99: =VLOOKUP(A99,'6-Sue'!$A$2:$F$23,6,FALSE) -> - | J99: =VLOOKUP(A99,'6-Sue'!$A$1:$H$38,8,FALSE) -> 0
A100: UNITED CHURCH OF CHRIST FEDERATED FIRST | B100: WEBSTER | C100: Webster | D100: =_xlfn.XLOOKUP(C100,'Territory List'!$D$2:$D$352,'Territory List'!$G$2:$G$352) -> 6 | E100: =VLOOKUP(A100,'6-Sue'!$A$2:$F$23,3,FALSE) -> - | F100: =VLOOKUP(A100,'6-Sue'!$A$1:$H$38,7,FALSE) -> 0 | G100: =VLOOKUP(A100,'6-Sue'!$A$2:$F$23,4,FALSE) -> Located in Webster - No Sue (same client UCC Federated) | H100: =VLOOKUP(A100,'6-Sue'!$A$2:$F$23,5,FALSE) -> 12? | I100: =VLOOKUP(A100,'6-Sue'!$A$2:$F$23,6,FALSE) -> - | J100: =VLOOKUP(A100,'6-Sue'!$A$1:$H$38,8,FALSE) -> 0
A101: UNITED CHURCH OF CHRIST FEDERATED | B101: WEBSTER | C101: Webster | D101: =_xlfn.XLOOKUP(C101,'Territory List'!$D$2:$D$352,'Territory List'!$G$2:$G$352) -> 6 | E101: =VLOOKUP(A101,'6-Sue'!$A$2:$F$23,3,FALSE) -> - | F101: =VLOOKUP(A101,'6-Sue'!$A$1:$H$38,7,FALSE) -> 0 | G101: =VLOOKUP(A101,'6-Sue'!$A$2:$F$23,4,FALSE) -> Located in Webster - No Sue (same client UCC Federated First) | H101: =VLOOKUP(A101,'6-Sue'!$A$2:$F$23,5,FALSE) -> - | I101: =VLOOKUP(A101,'6-Sue'!$A$2:$F$23,6,FALSE) -> - | J101: =VLOOKUP(A101,'6-Sue'!$A$1:$H$38,8,FALSE) -> 0
A102: STURBRIDGE, TOWN OF | B102: STURBRIDGE | C102: Sturbridge | D102: =_xlfn.XLOOKUP(C102,'Territory List'!$D$2:$D$352,'Territory List'!$G$2:$G$352) -> 6 | E102: =VLOOKUP(A102,'6-Sue'!$A$2:$F$23,3,FALSE) -> Declined/sent revie | F102: =VLOOKUP(A102,'6-Sue'!$A$1:$H$38,7,FALSE) -> 0 | G102: =VLOOKUP(A102,'6-Sue'!$A$2:$F$23,4,FALSE) -> *For annual set up lunch appt.** | H102: =VLOOKUP(A102,'6-Sue'!$A$2:$F$23,5,FALSE) -> 3 | I102: =VLOOKUP(A102,'6-Sue'!$A$2:$F$23,6,FALSE) -> - | J102: =VLOOKUP(A102,'6-Sue'!$A$1:$H$38,8,FALSE) -> 0
A103: SOUTHERN WORCESTER COUNTY ED. COLLABORATIVE | B103: DUDLEY | C103: Dudley | D103: =_xlfn.XLOOKUP(C103,'Territory List'!$D$2:$D$352,'Territory List'!$G$2:$G$352) -> 6 | E103: =VLOOKUP(A103,'6-Sue'!$A$2:$F$23,3,FALSE) -> - | F103: =VLOOKUP(A103,'6-Sue'!$A$1:$H$38,7,FALSE) -> 0 | G103: =VLOOKUP(A103,'6-Sue'!$A$2:$F$23,4,FALSE) -> Located in Dudley-Meet once a yr. with Mike (Treasurer) and Lena (FD) Board? | H103: =VLOOKUP(A103,'6-Sue'!$A$2:$F$23,5,FALSE) -> - | I103: =VLOOKUP(A103,'6-Sue'!$A$2:$F$23,6,FALSE) -> - | J103: =VLOOKUP(A103,'6-Sue'!$A$1:$H$38,8,FALSE) -> 0
A104: SOUTHBRIDGE, TOWN OF | B104: SOUTHBRIDGE | C104: Southbridge | D104: =_xlfn.XLOOKUP(C104,'Territory List'!$D$2:$D$352,'Territory List'!$G$2:$G$352) -> 6 | E104: =VLOOKUP(A104,'6-Sue'!$A$2:$F$23,3,FALSE) -> 4/14 @ 10am | F104: =VLOOKUP(A104,'6-Sue'!$A$1:$H$38,7,FALSE) -> 0 | G104: =VLOOKUP(A104,'6-Sue'!$A$2:$F$23,4,FALSE) -> - | H104: =VLOOKUP(A104,'6-Sue'!$A$2:$F$23,5,FALSE) -> 3 | I104: =VLOOKUP(A104,'6-Sue'!$A$2:$F$23,6,FALSE) -> - | J104: =VLOOKUP(A104,'6-Sue'!$A$1:$H$38,8,FALSE) -> 0
A105: PALMER, TOWN OF | B105: PALMER | C105: Palmer | D105: =_xlfn.XLOOKUP(C105,'Territory List'!$D$2:$D$352,'Territory List'!$G$2:$G$352) -> 6 | E105: =VLOOKUP(A105,'6-Sue'!$A$2:$F$23,3,FALSE) -> 3/25 @ 9am | F105: =VLOOKUP(A105,'6-Sue'!$A$1:$H$38,7,FALSE) -> 0 | G105: =VLOOKUP(A105,'6-Sue'!$A$2:$F$23,4,FALSE) -> offer lunch | H105: =VLOOKUP(A105,'6-Sue'!$A$2:$F$23,5,FALSE) -> 3 | I105: =VLOOKUP(A105,'6-Sue'!$A$2:$F$23,6,FALSE) -> - | J105: =VLOOKUP(A105,'6-Sue'!$A$1:$H$38,8,FALSE) -> 0
... A114: BELCHERTOWN, TOWN OF | B114: BELCHERTOWN | C114: Belchertown | D114: =_xlfn.XLOOKUP(C114,'Territory List'!$D$2:$D$352,'Territory List'!$G$2:$G$352) -> 6 | E114: =VLOOKUP(A114,'6-Sue'!$A$2:$F$23,3,FALSE) -> 3/17/26 @ 1:30 | F114: =VLOOKUP(A114,'6-Sue'!$A$1:$H$38,7,FALSE) -> 0 | G114: =VLOOKUP(A114,'6-Sue'!$A$2:$F$23,4,FALSE) -> - | H114: =VLOOKUP(A114,'6-Sue'!$A$2:$F$23,5,FALSE) -> - | I114: =VLOOKUP(A114,'6-Sue'!$A$2:$F$23,6,FALSE) -> - | J114: =VLOOKUP(A114,'6-Sue'!$A$1:$H$38,8,FALSE) -> 0
A115: WORCESTER TRUST | B115: WORCESTER | C115: Worcester | D115: =_xlfn.XLOOKUP(C115,'Territory List'!$D$2:$D$352,'Territory List'!$G$2:$G$352) -> 7 | E115: =VLOOKUP(A115,'7-Brian'!$A$2:$F$39,3,FALSE) -> #N/A | F115: =VLOOKUP(A115,'7-Brian'!$A$1:$H$55,7,FALSE) -> #N/A | G115: =VLOOKUP(A115,'7-Brian'!$A$2:$F$39,4,FALSE) -> #N/A | H115: =VLOOKUP(A115,'7-Brian'!$A$2:$F$39,5,FALSE) -> #N/A | I115: =VLOOKUP(A115,'7-Brian'!$A$2:$F$39,6,FALSE) -> #N/A | J115: =_xlfn.IFNA(VLOOKUP(A115,'13-Michelle'!$A$1:$H$35,8,FALSE),0) -> 0
A116: WORCESTER REGIONAL STRATEGIC OPP FOUNDATION | B116: WORCESTER | C116: Worcester | D116: =_xlfn.XLOOKUP(C116,'Territory List'!$D$2:$D$352,'Territory List'!$G$2:$G$352) -> 7 | E116: =VLOOKUP(A116,'7-Brian'!$A$2:$F$39,3,FALSE) -> NOT FUNDED | F116: =VLOOKUP(A116,'7-Brian'!$A$1:$H$55,7,FALSE) -> 0 | G116: =VLOOKUP(A116,'7-Brian'!$A$2:$F$39,4,FALSE) -> NOT FUNDED | H116: =VLOOKUP(A116,'7-Brian'!$A$2:$F$39,5,FALSE) -> - | I116: =VLOOKUP(A116,'7-Brian'!$A$2:$F$39,6,FALSE) -> - | J116: =VLOOKUP(A116,'7-Brian'!$A$1:$H$55,8,FALSE) -> 0
A117: WORCESTER LIBRARY | D117: 7 | E117: =VLOOKUP(A117,'7-Brian'!$A$2:$F$39,3,FALSE) -> - | F117: =VLOOKUP(A117,'7-Brian'!$A$1:$H$55,7,FALSE) -> 0 | G117: =VLOOKUP(A117,'7-Brian'!$A$2:$F$39,4,FALSE) -> - | H117: =VLOOKUP(A117,'7-Brian'!$A$2:$F$39,5,FALSE) -> - | I117: =VLOOKUP(A117,'7-Brian'!$A$2:$F$39,6,FALSE) -> - | J117: =_xlfn.IFNA(VLOOKUP(A117,'13-Michelle'!$A$1:$H$35,8,FALSE),0) -> 0
A118: WORCESTER CENTER FOR PERFORMING ARTS INC | B118: WORCESTER | C118: Worcester | D118: =_xlfn.XLOOKUP(C118,'Territory List'!$D$2:$D$352,'Territory List'!$G$2:$G$352) -> 7 | E118: =VLOOKUP(A118,'7-Brian'!$A$2:$F$39,3,FALSE) -> no answer | F118: =VLOOKUP(A118,'7-Brian'!$A$1:$H$55,7,FALSE) -> 0 | G118: =VLOOKUP(A118,'7-Brian'!$A$2:$F$39,4,FALSE) -> - | H118: =VLOOKUP(A118,'7-Brian'!$A$2:$F$39,5,FALSE) -> - | I118: =VLOOKUP(A118,'7-Brian'!$A$2:$F$39,6,FALSE) -> 2 advisors | J118: =VLOOKUP(A118,'7-Brian'!$A$1:$H$55,8,FALSE) -> 0
A119: WACHUSETT RSD | B119: Holden | C119: Holden | D119: =_xlfn.XLOOKUP(C119,'Territory List'!$D$2:$D$352,'Territory List'!$G$2:$G$352) -> 7 | E119: =VLOOKUP(A119,'7-Brian'!$A$2:$F$39,3,FALSE) -> email out | F119: =VLOOKUP(A119,'7-Brian'!$A$1:$H$55,7,FALSE) -> 0 | G119: =VLOOKUP(A119,'7-Brian'!$A$2:$F$39,4,FALSE) -> 0 | H119: =VLOOKUP(A119,'7-Brian'!$A$2:$F$39,5,FALSE) -> - | I119: =VLOOKUP(A119,'7-Brian'!$A$2:$F$39,6,FALSE) -> - | J119: =VLOOKUP(A119,'7-Brian'!$A$1:$H$55,8,FALSE) -> 0
A120: UXBRIDGE, TOWN OF | B120: UXBRIDGE | C120: Uxbridge | D120: =_xlfn.XLOOKUP(C120,'Territory List'!$D$2:$D$352,'Territory List'!$G$2:$G$352) -> 7 | E120: =VLOOKUP(A120,'7-Brian'!$A$2:$F$39,3,FALSE) -> 46146 | F120: =VLOOKUP(A120,'7-Brian'!$A$1:$H$55,7,FALSE) -> 0 | G120: =VLOOKUP(A120,'7-Brian'!$A$2:$F$39,4,FALSE) -> Annual | H120: =VLOOKUP(A120,'7-Brian'!$A$2:$F$39,5,FALSE) -> 3 | I120: =VLOOKUP(A120,'7-Brian'!$A$2:$F$39,6,FALSE) -> - | J120: =VLOOKUP(A120,'7-Brian'!$A$1:$H$55,8,FALSE) -> 0
A121: UXBRIDGE SELECTBOARD | B121: UXBRIDGE | C121: Uxbridge | D121: 7 | E121: =VLOOKUP(A121,'7-Brian'!$A$2:$F$39,3,FALSE) -> #N/A | F121: =VLOOKUP(A121,'7-Brian'!$A$1:$H$55,7,FALSE) -> #N/A | G121: =VLOOKUP(A121,'7-Brian'!$A$2:$F$39,4,FALSE) -> #N/A | H121: =VLOOKUP(A121,'7-Brian'!$A$2:$F$39,5,FALSE) -> #N/A | I121: =VLOOKUP(A121,'7-Brian'!$A$2:$F$39,6,FALSE) -> #N/A | J121: =_xlfn.IFNA(VLOOKUP(A121,'13-Michelle'!$A$1:$H$35,8,FALSE),0) -> 0
...

Sheet Territory List
A1: Client Count | B1: Client | C1: Prospect | D1: Cities and Towns | E1: Municipal_Type | F1: County | G1: Subregion | H1: CLIENT NAME 1 | I1: CLIENT NAME 2 | J1: CLIENT NAME 3 | K1: CLIENT NAME 4 | L1: CLIENT NAME 5 | M1: CLIENT NAME 6 | N1: CLIENT NAME 7
B2: {=IF(SUM(COUNTIF($H2:$N2,{"*TOWN OF*","*CITY OF*"}))>0,"✓","")} | C2: =IF(AND($B2="",COUNTA($H2:$N2)>0),"✓","") -> ✓ | D2: Alford | E2: Town | F2: Berkshire | G2: 1 | H2: {=IFERROR( _xlfn.LET( _xlpm.clean, _xlfn.LAMBDA(_xlpm.x, TRIM(SUBSTITUTE(_xlpm.x,CHAR(160)," "))), _xlpm.t, CLEAN($D2), _xlpm.data, _xlfn._xlws.FILTER( CHOOSE({1,2}, 'DO NOT EDIT - Client List'!$A$2:$A$346, 'DO NOT EDIT - Client List'!$E$2:$E$346), CLEAN('DO NOT EDIT - Client List'!$C$2:$C$346)=_xlpm.t ), _xlpm.k, _xlfn.SEQUENCE(6), _xlpm.nm, IFERROR(INDEX(_xlpm.data, _xlpm.k, 1), ""), _xlpm.dt_raw, IFERROR(INDEX(_xlpm.data, _xlpm.k, 2), ""), _xlpm.dt_num, IF( ISNUMBER(_xlpm.dt_raw), _xlpm.dt_raw, IFERROR(DATEVALUE(_xlpm.dt_raw), 0) ), TRANSPOSE( IF(_xlpm.nm="","", _xlpm.nm & IF(_xlpm.dt_num=0, "", " - " & TEXT(_xlpm.dt_num,"m/d/yyyy")) ) ) ), "")}
B3: {=IF(SUM(COUNTIF($H3:$N3,{"*TOWN OF*","*CITY OF*"}))>0,"✓","")} -> ✓ | C3: =IF(AND($B3="",COUNTA($H3:$N3)>0),"✓","") | D3: Becket | E3: Town | F3: Berkshire | G3: 1 | H3: {=IFERROR( _xlfn.LET( _xlpm.clean, _xlfn.LAMBDA(_xlpm.x, TRIM(SUBSTITUTE(_xlpm.x,CHAR(160)," "))), _xlpm.t, CLEAN($D3), _xlpm.data, _xlfn._xlws.FILTER( CHOOSE({1,2}, 'DO NOT EDIT - Client List'!$A$2:$A$346, 'DO NOT EDIT - Client List'!$E$2:$E$346), CLEAN('DO NOT EDIT - Client List'!$C$2:$C$346)=_xlpm.t ), _xlpm.k, _xlfn.SEQUENCE(6), _xlpm.nm, IFERROR(INDEX(_xlpm.data, _xlpm.k, 1), ""), _xlpm.dt_raw, IFERROR(INDEX(_xlpm.data, _xlpm.k, 2), ""), _xlpm.dt_num, IF( ISNUMBER(_xlpm.dt_raw), _xlpm.dt_raw, IFERROR(DATEVALUE(_xlpm.dt_raw), 0) ), TRANSPOSE( IF(_xlpm.nm="","", _xlpm.nm & IF(_xlpm.dt_num=0, "", " - " & TEXT(_xlpm.dt_num,"m/d/yyyy")) ) ) ), "")} -> BECKET, TOWN OF - 1/15/2026 | I3: BECKET BROADBAND DISTRICT - 1/15/2026
B4: {=IF(SUM(COUNTIF($H4:$N4,{"*TOWN OF*","*CITY OF*"}))>0,"✓","")} -> ✓ | C4: =IF(AND($B4="",COUNTA($H4:$N4)>0),"✓","") | D4: Blandford | E4: Town | F4: Hampden | G4: 1 | H4: {=IFERROR( _xlfn.LET( _xlpm.clean, _xlfn.LAMBDA(_xlpm.x, TRIM(SUBSTITUTE(_xlpm.x,CHAR(160)," "))), _xlpm.t, CLEAN($D4), _xlpm.data, _xlfn._xlws.FILTER( CHOOSE({1,2}, 'DO NOT EDIT - Client List'!$A$2:$A$346, 'DO NOT EDIT - Client List'!$E$2:$E$346), CLEAN('DO NOT EDIT - Client List'!$C$2:$C$346)=_xlpm.t ), _xlpm.k, _xlfn.SEQUENCE(6), _xlpm.nm, IFERROR(INDEX(_xlpm.data, _xlpm.k, 1), ""), _xlpm.dt_raw, IFERROR(INDEX(_xlpm.data, _xlpm.k, 2), ""), _xlpm.dt_num, IF( ISNUMBER(_xlpm.dt_raw), _xlpm.dt_raw, IFERROR(DATEVALUE(_xlpm.dt_raw), 0) ), TRANSPOSE( IF(_xlpm.nm="","", _xlpm.nm & IF(_xlpm.dt_num=0, "", " - " & TEXT(_xlpm.dt_num,"m/d/yyyy")) ) ) ), "")} -> BLANDFORD, TOWN OF - 12/10/2025
B5: {=IF(SUM(COUNTIF($H5:$N5,{"*TOWN OF*","*CITY OF*"}))>0,"✓","")} -> ✓ | C5: =IF(AND($B5="",COUNTA($H5:$N5)>0),"✓","") | D5: Chester | E5: Town | F5: Hampden | G5: 1 | H5: {=IFERROR( _xlfn.LET( _xlpm.clean, _xlfn.LAMBDA(_xlpm.x, TRIM(SUBSTITUTE(_xlpm.x,CHAR(160)," "))), _xlpm.t, CLEAN($D5), _xlpm.data, _xlfn._xlws.FILTER( CHOOSE({1,2}, 'DO NOT EDIT - Client List'!$A$2:$A$346, 'DO NOT EDIT - Client List'!$E$2:$E$346), CLEAN('DO NOT EDIT - Client List'!$C$2:$C$346)=_xlpm.t ), _xlpm.k, _xlfn.SEQUENCE(6), _xlpm.nm, IFERROR(INDEX(_xlpm.data, _xlpm.k, 1), ""), _xlpm.dt_raw, IFERROR(INDEX(_xlpm.data, _xlpm.k, 2), ""), _xlpm.dt_num, IF( ISNUMBER(_xlpm.dt_raw), _xlpm.dt_raw, IFERROR(DATEVALUE(_xlpm.dt_raw), 0) ), TRANSPOSE( IF(_xlpm.nm="","", _xlpm.nm & IF(_xlpm.dt_num=0, "", " - " & TEXT(_xlpm.dt_num,"m/d/yyyy")) ) ) ), "")} -> CHESTER, TOWN OF - 12/10/2025
B6: {=IF(SUM(COUNTIF($H6:$N6,{"*TOWN OF*","*CITY OF*"}))>0,"✓","")} -> ✓ | C6: =IF(AND($B6="",COUNTA($H6:$N6)>0),"✓","") | D6: Egremont | E6: Town | F6: Berkshire | G6: 1 | H6: {=IFERROR( _xlfn.LET( _xlpm.clean, _xlfn.LAMBDA(_xlpm.x, TRIM(SUBSTITUTE(_xlpm.x,CHAR(160)," "))), _xlpm.t, CLEAN($D6), _xlpm.data, _xlfn._xlws.FILTER( CHOOSE({1,2}, 'DO NOT EDIT - Client List'!$A$2:$A$346, 'DO NOT EDIT - Client List'!$E$2:$E$346), CLEAN('DO NOT EDIT - Client List'!$C$2:$C$346)=_xlpm.t ), _xlpm.k, _xlfn.SEQUENCE(6), _xlpm.nm, IFERROR(INDEX(_xlpm.data, _xlpm.k, 1), ""), _xlpm.dt_raw, IFERROR(INDEX(_xlpm.data, _xlpm.k, 2), ""), _xlpm.dt_num, IF( ISNUMBER(_xlpm.dt_raw), _xlpm.dt_raw, IFERROR(DATEVALUE(_xlpm.dt_raw), 0) ), TRANSPOSE( IF(_xlpm.nm="","", _xlpm.nm & IF(_xlpm.dt_num=0, "", " - " & TEXT(_xlpm.dt_num,"m/d/yyyy")) ) ) ), "")} -> EGREMONT, TOWN OF - 3/23/2025
B7: {=IF(SUM(COUNTIF($H7:$N7,{"*TOWN OF*","*CITY OF*"}))>0,"✓","")} | C7: =IF(AND($B7="",COUNTA($H7:$N7)>0),"✓","") -> ✓ | D7: Granville | E7: Town | F7: Hampden | G7: 1 | H7: {=IFERROR( _xlfn.LET( _xlpm.clean, _xlfn.LAMBDA(_xlpm.x, TRIM(SUBSTITUTE(_xlpm.x,CHAR(160)," "))), _xlpm.t, CLEAN($D7), _xlpm.data, _xlfn._xlws.FILTER( CHOOSE({1,2}, 'DO NOT EDIT - Client List'!$A$2:$A$346, 'DO NOT EDIT - Client List'!$E$2:$E$346), CLEAN('DO NOT EDIT - Client List'!$C$2:$C$346)=_xlpm.t ), _xlpm.k, _xlfn.SEQUENCE(6), _xlpm.nm, IFERROR(INDEX(_xlpm.data, _xlpm.k, 1), ""), _xlpm.dt_raw, IFERROR(INDEX(_xlpm.data, _xlpm.k, 2), ""), _xlpm.dt_num, IF( ISNUMBER(_xlpm.dt_raw), _xlpm.dt_raw, IFERROR(DATEVALUE(_xlpm.dt_raw), 0) ), TRANSPOSE( IF(_xlpm.nm="","", _xlpm.nm & IF(_xlpm.dt_num=0, "", " - " & TEXT(_xlpm.dt_num,"m/d/yyyy")) ) ) ), "")}
B8: {=IF(SUM(COUNTIF($H8:$N8,{"*TOWN OF*","*CITY OF*"}))>0,"✓","")} -> ✓ | C8: =IF(AND($B8="",COUNTA($H8:$N8)>0),"✓","") | D8: Great Barrington | E8: Town | F8: Berkshire | G8: 1 | H8: {=IFERROR( _xlfn.LET( _xlpm.clean, _xlfn.LAMBDA(_xlpm.x, TRIM(SUBSTITUTE(_xlpm.x,CHAR(160)," "))), _xlpm.t, CLEAN($D8), _xlpm.data, _xlfn._xlws.FILTER( CHOOSE({1,2}, 'DO NOT EDIT - Client List'!$A$2:$A$346, 'DO NOT EDIT - Client List'!$E$2:$E$346), CLEAN('DO NOT EDIT - Client List'!$C$2:$C$346)=_xlpm.t ), _xlpm.k, _xlfn.SEQUENCE(6), _xlpm.nm, IFERROR(INDEX(_xlpm.data, _xlpm.k, 1), ""), _xlpm.dt_raw, IFERROR(INDEX(_xlpm.data, _xlpm.k, 2), ""), _xlpm.dt_num, IF( ISNUMBER(_xlpm.dt_raw), _xlpm.dt_raw, IFERROR(DATEVALUE(_xlpm.dt_raw), 0) ), TRANSPOSE( IF(_xlpm.nm="","", _xlpm.nm & IF(_xlpm.dt_num=0, "", " - " & TEXT(_xlpm.dt_num,"m/d/yyyy")) ) ) ), "")} -> GREAT BARRINGTON, TOWN OF
B9: {=IF(SUM(COUNTIF($H9:$N9,{"*TOWN OF*","*CITY OF*"}))>0,"✓","")} -> ✓ | C9: =IF(AND($B9="",COUNTA($H9:$N9)>0),"✓","") | D9: Lee | E9: Town | F9: Berkshire | G9: 1 | H9: {=IFERROR( _xlfn.LET( _xlpm.clean, _xlfn.LAMBDA(_xlpm.x, TRIM(SUBSTITUTE(_xlpm.x,CHAR(160)," "))), _xlpm.t, CLEAN($D9), _xlpm.data, _xlfn._xlws.FILTER( CHOOSE({1,2}, 'DO NOT EDIT - Client List'!$A$2:$A$346, 'DO NOT EDIT - Client List'!$E$2:$E$346), CLEAN('DO NOT EDIT - Client List'!$C$2:$C$346)=_xlpm.t ), _xlpm.k, _xlfn.SEQUENCE(6), _xlpm.nm, IFERROR(INDEX(_xlpm.data, _xlpm.k, 1), ""), _xlpm.dt_raw, IFERROR(INDEX(_xlpm.data, _xlpm.k, 2), ""), _xlpm.dt_num, IF( ISNUMBER(_xlpm.dt_raw), _xlpm.dt_raw, IFERROR(DATEVALUE(_xlpm.dt_raw), 0) ), TRANSPOSE( IF(_xlpm.nm="","", _xlpm.nm & IF(_xlpm.dt_num=0, "", " - " & TEXT(_xlpm.dt_num,"m/d/yyyy")) ) ) ), "")} -> LEE, TOWN OF
B10: {=IF(SUM(COUNTIF($H10:$N10,{"*TOWN OF*","*CITY OF*"}))>0,"✓","")} -> ✓ | C10: =IF(AND($B10="",COUNTA($H10:$N10)>0),"✓","") | D10: Lenox | E10: Town | F10: Berkshire | G10: 1 | H10: {=IFERROR( _xlfn.LET( _xlpm.clean, _xlfn.LAMBDA(_xlpm.x, TRIM(SUBSTITUTE(_xlpm.x,CHAR(160)," "))), _xlpm.t, CLEAN($D10), _xlpm.data, _xlfn._xlws.FILTER( CHOOSE({1,2}, 'DO NOT EDIT - Client List'!$A$2:$A$346, 'DO NOT EDIT - Client List'!$E$2:$E$346), CLEAN('DO NOT EDIT - Client List'!$C$2:$C$346)=_xlpm.t ), _xlpm.k, _xlfn.SEQUENCE(6), _xlpm.nm, IFERROR(INDEX(_xlpm.data, _xlpm.k, 1), ""), _xlpm.dt_raw, IFERROR(INDEX(_xlpm.data, _xlpm.k, 2), ""), _xlpm.dt_num, IF( ISNUMBER(_xlpm.dt_raw), _xlpm.dt_raw, IFERROR(DATEVALUE(_xlpm.dt_raw), 0) ), TRANSPOSE( IF(_xlpm.nm="","", _xlpm.nm & IF(_xlpm.dt_num=0, "", " - " & TEXT(_xlpm.dt_num,"m/d/yyyy")) ) ) ), "")} -> LENOX, TOWN OF
B11: {=IF(SUM(COUNTIF($H11:$N11,{"*TOWN OF*","*CITY OF*"}))>0,"✓","")} -> ✓ | C11: =IF(AND($B11="",COUNTA($H11:$N11)>0),"✓","") | D11: Monterey | E11: Town | F11: Berkshire | G11: 1 | H11: {=IFERROR( _xlfn.LET( _xlpm.clean, _xlfn.LAMBDA(_xlpm.x, TRIM(SUBSTITUTE(_xlpm.x,CHAR(160)," "))), _xlpm.t, CLEAN($D11), _xlpm.data, _xlfn._xlws.FILTER( CHOOSE({1,2}, 'DO NOT EDIT - Client List'!$A$2:$A$346, 'DO NOT EDIT - Client List'!$E$2:$E$346), CLEAN('DO NOT EDIT - Client List'!$C$2:$C$346)=_xlpm.t ), _xlpm.k, _xlfn.SEQUENCE(6), _xlpm.nm, IFERROR(INDEX(_xlpm.data, _xlpm.k, 1), ""), _xlpm.dt_raw, IFERROR(INDEX(_xlpm.data, _xlpm.k, 2), ""), _xlpm.dt_num, IF( ISNUMBER(_xlpm.dt_raw), _xlpm.dt_raw, IFERROR(DATEVALUE(_xlpm.dt_raw), 0) ), TRANSPOSE( IF(_xlpm.nm="","", _xlpm.nm & IF(_xlpm.dt_num=0, "", " - " & TEXT(_xlpm.dt_num,"m/d/yyyy")) ) ) ), "")} -> MONTEREY, TOWN OF
B12: {=IF(SUM(COUNTIF($H12:$N12,{"*TOWN OF*","*CITY OF*"}))>0,"✓","")} | C12: =IF(AND($B12="",COUNTA($H12:$N12)>0),"✓","") -> ✓ | D12: Mount Washington | E12: Town | F12: Berkshire | G12: 1 | H12: {=IFERROR( _xlfn.LET( _xlpm.clean, _xlfn.LAMBDA(_xlpm.x, TRIM(SUBSTITUTE(_xlpm.x,CHAR(160)," "))), _xlpm.t, CLEAN($D12), _xlpm.data, _xlfn._xlws.FILTER( CHOOSE({1,2}, 'DO NOT EDIT - Client List'!$A$2:$A$346, 'DO NOT EDIT - Client List'!$E$2:$E$346), CLEAN('DO NOT EDIT - Client List'!$C$2:$C$346)=_xlpm.t ), _xlpm.k, _xlfn.SEQUENCE(6), _xlpm.nm, IFERROR(INDEX(_xlpm.data, _xlpm.k, 1), ""), _xlpm.dt_raw, IFERROR(INDEX(_xlpm.data, _xlpm.k, 2), ""), _xlpm.dt_num, IF( ISNUMBER(_xlpm.dt_raw), _xlpm.dt_raw, IFERROR(DATEVALUE(_xlpm.dt_raw), 0) ), TRANSPOSE( IF(_xlpm.nm="","", _xlpm.nm & IF(_xlpm.dt_num=0, "", " - " & TEXT(_xlpm.dt_num,"m/d/yyyy")) ) ) ), "")}
B13: {=IF(SUM(COUNTIF($H13:$N13,{"*TOWN OF*","*CITY OF*"}))>0,"✓","")} | C13: =IF(AND($B13="",COUNTA($H13:$N13)>0),"✓","") -> ✓ | D13: New Marlborough | E13: Town | F13: Berkshire | G13: 1 | H13: {=IFERROR( _xlfn.LET( _xlpm.clean, _xlfn.LAMBDA(_xlpm.x, TRIM(SUBSTITUTE(_xlpm.x,CHAR(160)," "))), _xlpm.t, CLEAN($D13), _xlpm.data, _xlfn._xlws.FILTER( CHOOSE({1,2}, 'DO NOT EDIT - Client List'!$A$2:$A$346, 'DO NOT EDIT - Client List'!$E$2:$E$346), CLEAN('DO NOT EDIT - Client List'!$C$2:$C$346)=_xlpm.t ), _xlpm.k, _xlfn.SEQUENCE(6), _xlpm.nm, IFERROR(INDEX(_xlpm.data, _xlpm.k, 1), ""), _xlpm.dt_raw, IFERROR(INDEX(_xlpm.data, _xlpm.k, 2), ""), _xlpm.dt_num, IF( ISNUMBER(_xlpm.dt_raw), _xlpm.dt_raw, IFERROR(DATEVALUE(_xlpm.dt_raw), 0) ), TRANSPOSE( IF(_xlpm.nm="","", _xlpm.nm & IF(_xlpm.dt_num=0, "", " - " & TEXT(_xlpm.dt_num,"m/d/yyyy")) ) ) ), "")} -> LAKE BUEL PRESERVATION DISTRICT
B14: {=IF(SUM(COUNTIF($H14:$N14,{"*TOWN OF*","*CITY OF*"}))>0,"✓","")} -> ✓ | C14: =IF(AND($B14="",COUNTA($H14:$N14)>0),"✓","") | D14: Otis | E14: Town | F14: Berkshire | G14: 1 | H14: {=IFERROR( _xlfn.LET( _xlpm.clean, _xlfn.LAMBDA(_xlpm.x, TRIM(SUBSTITUTE(_xlpm.x,CHAR(160)," "))), _xlpm.t, CLEAN($D14), _xlpm.data, _xlfn._xlws.FILTER( CHOOSE({1,2}, 'DO NOT EDIT - Client List'!$A$2:$A$346, 'DO NOT EDIT - Client List'!$E$2:$E$346), CLEAN('DO NOT EDIT - Client List'!$C$2:$C$346)=_xlpm.t ), _xlpm.k, _xlfn.SEQUENCE(6), _xlpm.nm, IFERROR(INDEX(_xlpm.data, _xlpm.k, 1), ""), _xlpm.dt_raw, IFERROR(INDEX(_xlpm.data, _xlpm.k, 2), ""), _xlpm.dt_num, IF( ISNUMBER(_xlpm.dt_raw), _xlpm.dt_raw, IFERROR(DATEVALUE(_xlpm.dt_raw), 0) ), TRANSPOSE( IF(_xlpm.nm="","", _xlpm.nm & IF(_xlpm.dt_num=0, "", " - " & TEXT(_xlpm.dt_num,"m/d/yyyy")) ) ) ), "")} -> OTIS, TOWN OF
B15: {=IF(SUM(COUNTIF($H15:$N15,{"*TOWN OF*","*CITY OF*"}))>0,"✓","")} -> ✓ | C15: =IF(AND($B15="",COUNTA($H15:$N15)>0),"✓","") | D15: Richmond | E15: Town | F15: Berkshire | G15: 1 | H15: {=IFERROR( _xlfn.LET( _xlpm.clean, _xlfn.LAMBDA(_xlpm.x, TRIM(SUBSTITUTE(_xlpm.x,CHAR(160)," "))), _xlpm.t, CLEAN($D15), _xlpm.data, _xlfn._xlws.FILTER( CHOOSE({1,2}, 'DO NOT EDIT - Client List'!$A$2:$A$346, 'DO NOT EDIT - Client List'!$E$2:$E$346), CLEAN('DO NOT EDIT - Client List'!$C$2:$C$346)=_xlpm.t ), _xlpm.k, _xlfn.SEQUENCE(6), _xlpm.nm, IFERROR(INDEX(_xlpm.data, _xlpm.k, 1), ""), _xlpm.dt_raw, IFERROR(INDEX(_xlpm.data, _xlpm.k, 2), ""), _xlpm.dt_num, IF( ISNUMBER(_xlpm.dt_raw), _xlpm.dt_raw, IFERROR(DATEVALUE(_xlpm.dt_raw), 0) ), TRANSPOSE( IF(_xlpm.nm="","", _xlpm.nm & IF(_xlpm.dt_num=0, "", " - " & TEXT(_xlpm.dt_num,"m/d/yyyy")) ) ) ), "")} -> RICHMOND, TOWN OF
... B37: {=IF(SUM(COUNTIF($H37:$N37,{"*TOWN OF*","*CITY OF*"}))>0,"✓","")} | C37: =IF(AND($B37="",COUNTA($H37:$N37)>0),"✓","") -> ✓ | D37: Hinsdale | E37: Town | F37: Berkshire | G37: 2 | H37: {=IFERROR( _xlfn.LET( _xlpm.clean, _xlfn.LAMBDA(_xlpm.x, TRIM(SUBSTITUTE(_xlpm.x,CHAR(160)," "))), _xlpm.t, CLEAN($D37), _xlpm.data, _xlfn._xlws.FILTER( CHOOSE({1,2}, 'DO NOT EDIT - Client List'!$A$2:$A$346, 'DO NOT EDIT - Client List'!$E$2:$E$346), CLEAN('DO NOT EDIT - Client List'!$C$2:$C$346)=_xlpm.t ), _xlpm.k, _xlfn.SEQUENCE(6), _xlpm.nm, IFERROR(INDEX(_xlpm.data, _xlpm.k, 1), ""), _xlpm.dt_raw, IFERROR(INDEX(_xlpm.data, _xlpm.k, 2), ""), _xlpm.dt_num, IF( ISNUMBER(_xlpm.dt_raw), _xlpm.dt_raw, IFERROR(DATEVALUE(_xlpm.dt_raw), 0) ), TRANSPOSE( IF(_xlpm.nm="","", _xlpm.nm & IF(_xlpm.dt_num=0, "", " - " & TEXT(_xlpm.dt_num,"m/d/yyyy")) ) ) ), "")}
B38: {=IF(SUM(COUNTIF($H38:$N38,{"*TOWN OF*","*CITY OF*"}))>0,"✓","")} -> ✓ | C38: =IF(AND($B38="",COUNTA($H38:$N38)>0),"✓","") | D38: Lanesborough | E38: Town | F38: Berkshire | G38: 2 | H38: {=IFERROR( _xlfn.LET( _xlpm.clean, _xlfn.LAMBDA(_xlpm.x, TRIM(SUBSTITUTE(_xlpm.x,CHAR(160)," "))), _xlpm.t, CLEAN($D38), _xlpm.data, _xlfn._xlws.FILTER( CHOOSE({1,2}, 'DO NOT EDIT - Client List'!$A$2:$A$346, 'DO NOT EDIT - Client List'!$E$2:$E$346), CLEAN('DO NOT EDIT - Client List'!$C$2:$C$346)=_xlpm.t ), _xlpm.k, _xlfn.SEQUENCE(6), _xlpm.nm, IFERROR(INDEX(_xlpm.data, _xlpm.k, 1), ""), _xlpm.dt_raw, IFERROR(INDEX(_xlpm.data, _xlpm.k, 2), ""), _xlpm.dt_num, IF( ISNUMBER(_xlpm.dt_raw), _xlpm.dt_raw, IFERROR(DATEVALUE(_xlpm.dt_raw), 0) ), TRANSPOSE( IF(_xlpm.nm="","", _xlpm.nm & IF(_xlpm.dt_num=0, "", " - " & TEXT(_xlpm.dt_num,"m/d/yyyy")) ) ) ), "")} -> LANESBOROUGH, TOWN OF | I38: LANESBOROUGH VILLAGE FIRE & WATER DISTRICT
B39: {=IF(SUM(COUNTIF($H39:$N39,{"*TOWN OF*","*CITY OF*"}))>0,"✓","")} | C39: =IF(AND($B39="",COUNTA($H39:$N39)>0),"✓","") -> ✓ | D39: New Ashford | E39: Town | F39: Berkshire | G39: 2 | H39: {=IFERROR( _xlfn.LET( _xlpm.clean, _xlfn.LAMBDA(_xlpm.x, TRIM(SUBSTITUTE(_xlpm.x,CHAR(160)," "))), _xlpm.t, CLEAN($D39), _xlpm.data, _xlfn._xlws.FILTER( CHOOSE({1,2}, 'DO NOT EDIT - Client List'!$A$2:$A$346, 'DO NOT EDIT - Client List'!$E$2:$E$346), CLEAN('DO NOT EDIT - Client List'!$C$2:$C$346)=_xlpm.t ), _xlpm.k, _xlfn.SEQUENCE(6), _xlpm.nm, IFERROR(INDEX(_xlpm.data, _xlpm.k, 1), ""), _xlpm.dt_raw, IFERROR(INDEX(_xlpm.data, _xlpm.k, 2), ""), _xlpm.dt_num, IF( ISNUMBER(_xlpm.dt_raw), _xlpm.dt_raw, IFERROR(DATEVALUE(_xlpm.dt_raw), 0) ), TRANSPOSE( IF(_xlpm.nm="","", _xlpm.nm & IF(_xlpm.dt_num=0, "", " - " & TEXT(_xlpm.dt_num,"m/d/yyyy")) ) ) ), "")}
B40: {=IF(SUM(COUNTIF($H40:$N40,{"*TOWN OF*","*CITY OF*"}))>0,"✓","")} -> ✓ | C40: =IF(AND($B40="",COUNTA($H40:$N40)>0),"✓","") | D40: North Adams | E40: City | F40: Berkshire | G40: 2 | H40: {=IFERROR( _xlfn.LET( _xlpm.clean, _xlfn.LAMBDA(_xlpm.x, TRIM(SUBSTITUTE(_xlpm.x,CHAR(160)," "))), _xlpm.t, CLEAN($D40), _xlpm.data, _xlfn._xlws.FILTER( CHOOSE({1,2}, 'DO NOT EDIT - Client List'!$A$2:$A$346, 'DO NOT EDIT - Client List'!$E$2:$E$346), CLEAN('DO NOT EDIT - Client List'!$C$2:$C$346)=_xlpm.t ), _xlpm.k, _xlfn.SEQUENCE(6), _xlpm.nm, IFERROR(INDEX(_xlpm.data, _xlpm.k, 1), ""), _xlpm.dt_raw, IFERROR(INDEX(_xlpm.data, _xlpm.k, 2), ""), _xlpm.dt_num, IF( ISNUMBER(_xlpm.dt_raw), _xlpm.dt_raw, IFERROR(DATEVALUE(_xlpm.dt_raw), 0) ), TRANSPOSE( IF(_xlpm.nm="","", _xlpm.nm & IF(_xlpm.dt_num=0, "", " - " & TEXT(_xlpm.dt_num,"m/d/yyyy")) ) ) ), "")} -> NORTH ADAMS, CITY OF - 3/18/2026
B41: {=IF(SUM(COUNTIF($H41:$N41,{"*TOWN OF*","*CITY OF*"}))>0,"✓","")} | C41: =IF(AND($B41="",COUNTA($H41:$N41)>0),"✓","") -> ✓ | D41: Peru | E41: Town | F41: Berkshire | G41: 2 | H41: {=IFERROR( _xlfn.LET( _xlpm.clean, _xlfn.LAMBDA(_xlpm.x, TRIM(SUBSTITUTE(_xlpm.x,CHAR(160)," "))), _xlpm.t, CLEAN($D41), _xlpm.data, _xlfn._xlws.FILTER( CHOOSE({1,2}, 'DO NOT EDIT - Client List'!$A$2:$A$346, 'DO NOT EDIT - Client List'!$E$2:$E$346), CLEAN('DO NOT EDIT - Client List'!$C$2:$C$346)=_xlpm.t ), _xlpm.k, _xlfn.SEQUENCE(6), _xlpm.nm, IFERROR(INDEX(_xlpm.data, _xlpm.k, 1), ""), _xlpm.dt_raw, IFERROR(INDEX(_xlpm.data, _xlpm.k, 2), ""), _xlpm.dt_num, IF( ISNUMBER(_xlpm.dt_raw), _xlpm.dt_raw, IFERROR(DATEVALUE(_xlpm.dt_raw), 0) ), TRANSPOSE( IF(_xlpm.nm="","", _xlpm.nm & IF(_xlpm.dt_num=0, "", " - " & TEXT(_xlpm.dt_num,"m/d/yyyy")) ) ) ), "")}
B42: {=IF(SUM(COUNTIF($H42:$N42,{"*TOWN OF*","*CITY OF*"}))>0,"✓","")} -> ✓ | C42: =IF(AND($B42="",COUNTA($H42:$N42)>0),"✓","") | D42: Pittsfield | E42: City | F42: Berkshire | G42: 2 | H42: {=IFERROR( _xlfn.LET( _xlpm.clean, _xlfn.LAMBDA(_xlpm.x, TRIM(SUBSTITUTE(_xlpm.x,CHAR(160)," "))), _xlpm.t, CLEAN($D42), _xlpm.data, _xlfn._xlws.FILTER( CHOOSE({1,2}, 'DO NOT EDIT - Client List'!$A$2:$A$346, 'DO NOT EDIT - Client List'!$E$2:$E$346), CLEAN('DO NOT EDIT - Client List'!$C$2:$C$346)=_xlpm.t ), _xlpm.k, _xlfn.SEQUENCE(6), _xlpm.nm, IFERROR(INDEX(_xlpm.data, _xlpm.k, 1), ""), _xlpm.dt_raw, IFERROR(INDEX(_xlpm.data, _xlpm.k, 2), ""), _xlpm.dt_num, IF( ISNUMBER(_xlpm.dt_raw), _xlpm.dt_raw, IFERROR(DATEVALUE(_xlpm.dt_raw), 0) ), TRANSPOSE( IF(_xlpm.nm="","", _xlpm.nm & IF(_xlpm.dt_num=0, "", " - " & TEXT(_xlpm.dt_num,"m/d/yyyy")) ) ) ), "")} -> PITTSFIELD, CITY OF - 3/27/2026
B43: {=IF(SUM(COUNTIF($H43:$N43,{"*TOWN OF*","*CITY OF*"}))>0,"✓","")} | C43: =IF(AND($B43="",COUNTA($H43:$N43)>0),"✓","") -> ✓ | D43: Plainfield | E43: Town | F43: Hampshire | G43: 2 | H43: {=IFERROR( _xlfn.LET( _xlpm.clean, _xlfn.LAMBDA(_xlpm.x, TRIM(SUBSTITUTE(_xlpm.x,CHAR(160)," "))), _xlpm.t, CLEAN($D43), _xlpm.data, _xlfn._xlws.FILTER( CHOOSE({1,2}, 'DO NOT EDIT - Client List'!$A$2:$A$346, 'DO NOT EDIT - Client List'!$E$2:$E$346), CLEAN('DO NOT EDIT - Client List'!$C$2:$C$346)=_xlpm.t ), _xlpm.k, _xlfn.SEQUENCE(6), _xlpm.nm, IFERROR(INDEX(_xlpm.data, _xlpm.k, 1), ""), _xlpm.dt_raw, IFERROR(INDEX(_xlpm.data, _xlpm.k, 2), ""), _xlpm.dt_num, IF( ISNUMBER(_xlpm.dt_raw), _xlpm.dt_raw, IFERROR(DATEVALUE(_xlpm.dt_raw), 0) ), TRANSPOSE( IF(_xlpm.nm="","", _xlpm.nm & IF(_xlpm.dt_num=0, "", " - " & TEXT(_xlpm.dt_num,"m/d/yyyy")) ) ) ), "")}
B44: {=IF(SUM(COUNTIF($H44:$N44,{"*TOWN OF*","*CITY OF*"}))>0,"✓","")} | C44: =IF(AND($B44="",COUNTA($H44:$N44)>0),"✓","") -> ✓ | D44: Savoy | E44: Town | F44: Berkshire | G44: 2 | H44: {=IFERROR( _xlfn.LET( _xlpm.clean, _xlfn.LAMBDA(_xlpm.x, TRIM(SUBSTITUTE(_xlpm.x,CHAR(160)," "))), _xlpm.t, CLEAN($D44), _xlpm.data, _xlfn._xlws.FILTER( CHOOSE({1,2}, 'DO NOT EDIT - Client List'!$A$2:$A$346, 'DO NOT EDIT - Client List'!$E$2:$E$346), CLEAN('DO NOT EDIT - Client List'!$C$2:$C$346)=_xlpm.t ), _xlpm.k, _xlfn.SEQUENCE(6), _xlpm.nm, IFERROR(INDEX(_xlpm.data, _xlpm.k, 1), ""), _xlpm.dt_raw, IFERROR(INDEX(_xlpm.data, _xlpm.k, 2), ""), _xlpm.dt_num, IF( ISNUMBER(_xlpm.dt_raw), _xlpm.dt_raw, IFERROR(DATEVALUE(_xlpm.dt_raw), 0) ), TRANSPOSE( IF(_xlpm.nm="","", _xlpm.nm & IF(_xlpm.dt_num=0, "", " - " & TEXT(_xlpm.dt_num,"m/d/yyyy")) ) ) ), "")}
B45: {=IF(SUM(COUNTIF($H45:$N45,{"*TOWN OF*","*CITY OF*"}))>0,"✓","")} -> ✓ | C45: =IF(AND($B45="",COUNTA($H45:$N45)>0),"✓","") | D45: Williamstown | E45: Town | F45: Berkshire | G45: 2 | H45: {=IFERROR( _xlfn.LET( _xlpm.clean, _xlfn.LAMBDA(_xlpm.x, TRIM(SUBSTITUTE(_xlpm.x,CHAR(160)," "))), _xlpm.t, CLEAN($D45), _xlpm.data, _xlfn._xlws.FILTER( CHOOSE({1,2}, 'DO NOT EDIT - Client List'!$A$2:$A$346, 'DO NOT EDIT - Client List'!$E$2:$E$346), CLEAN('DO NOT EDIT - Client List'!$C$2:$C$346)=_xlpm.t ), _xlpm.k, _xlfn.SEQUENCE(6), _xlpm.nm, IFERROR(INDEX(_xlpm.data, _xlpm.k, 1), ""), _xlpm.dt_raw, IFERROR(INDEX(_xlpm.data, _xlpm.k, 2), ""), _xlpm.dt_num, IF( ISNUMBER(_xlpm.dt_raw), _xlpm.dt_raw, IFERROR(DATEVALUE(_xlpm.dt_raw), 0) ), TRANSPOSE( IF(_xlpm.nm="","", _xlpm.nm & IF(_xlpm.dt_num=0, "", " - " & TEXT(_xlpm.dt_num,"m/d/yyyy")) ) ) ), "")} -> WILLIAMSTOWN, TOWN OF
B46: {=IF(SUM(COUNTIF($H46:$N46,{"*TOWN OF*","*CITY OF*"}))>0,"✓","")} -> ✓ | C46: =IF(AND($B46="",COUNTA($H46:$N46)>0),"✓","") | D46: Windsor | E46: Town | F46: Berkshire | G46: 2 | H46: {=IFERROR( _xlfn.LET( _xlpm.clean, _xlfn.LAMBDA(_xlpm.x, TRIM(SUBSTITUTE(_xlpm.x,CHAR(160)," "))), _xlpm.t, CLEAN($D46), _xlpm.data, _xlfn._xlws.FILTER( CHOOSE({1,2}, 'DO NOT EDIT - Client List'!$A$2:$A$346, 'DO NOT EDIT - Client List'!$E$2:$E$346), CLEAN('DO NOT EDIT - Client List'!$C$2:$C$346)=_xlpm.t ), _xlpm.k, _xlfn.SEQUENCE(6), _xlpm.nm, IFERROR(INDEX(_xlpm.data, _xlpm.k, 1), ""), _xlpm.dt_raw, IFERROR(INDEX(_xlpm.data, _xlpm.k, 2), ""), _xlpm.dt_num, IF( ISNUMBER(_xlpm.dt_raw), _xlpm.dt_raw, IFERROR(DATEVALUE(_xlpm.dt_raw), 0) ), TRANSPOSE( IF(_xlpm.nm="","", _xlpm.nm & IF(_xlpm.dt_num=0, "", " - " & TEXT(_xlpm.dt_num,"m/d/yyyy")) ) ) ), "")} -> WINDSOR, TOWN OF
B47: {=IF(SUM(COUNTIF($H47:$N47,{"*TOWN OF*","*CITY OF*"}))>0,"✓","")} -> ✓ | C47: =IF(AND($B47="",COUNTA($H47:$N47)>0),"✓","") | D47: Chesterfield | E47: Town | F47: Hampshire | G47: 3 | H47: {=IFERROR( _xlfn.LET( _xlpm.clean, _xlfn.LAMBDA(_xlpm.x, TRIM(SUBSTITUTE(_xlpm.x,CHAR(160)," "))), _xlpm.t, CLEAN($D47), _xlpm.data, _xlfn._xlws.FILTER( CHOOSE({1,2}, 'DO NOT EDIT - Client List'!$A$2:$A$346, 'DO NOT EDIT - Client List'!$E$2:$E$346), CLEAN('DO NOT EDIT - Client List'!$C$2:$C$346)=_xlpm.t ), _xlpm.k, _xlfn.SEQUENCE(6), _xlpm.nm, IFERROR(INDEX(_xlpm.data, _xlpm.k, 1), ""), _xlpm.dt_raw, IFERROR(INDEX(_xlpm.data, _xlpm.k, 2), ""), _xlpm.dt_num, IF( ISNUMBER(_xlpm.dt_raw), _xlpm.dt_raw, IFERROR(DATEVALUE(_xlpm.dt_raw), 0) ), TRANSPOSE( IF(_xlpm.nm="","", _xlpm.nm & IF(_xlpm.dt_num=0, "", " - " & TEXT(_xlpm.dt_num,"m/d/yyyy")) ) ) ), "")} -> CHESTERFIELD, TOWN OF - 5/26/2026
B48: {=IF(SUM(COUNTIF($H48:$N48,{"*TOWN OF*","*CITY OF*"}))>0,"✓","")} | C48: =IF(AND($B48="",COUNTA($H48:$N48)>0),"✓","") -> ✓ | D48: Huntington | E48: Town | F48: Hampshire | G48: 3 | H48: {=IFERROR( _xlfn.LET( _xlpm.clean, _xlfn.LAMBDA(_xlpm.x, TRIM(SUBSTITUTE(_xlpm.x,CHAR(160)," "))), _xlpm.t, CLEAN($D48), _xlpm.data, _xlfn._xlws.FILTER( CHOOSE({1,2}, 'DO NOT EDIT - Client List'!$A$2:$A$346, 'DO NOT EDIT - Client List'!$E$2:$E$346), CLEAN('DO NOT EDIT - Client List'!$C$2:$C$346)=_xlpm.t ), _xlpm.k, _xlfn.SEQUENCE(6), _xlpm.nm, IFERROR(INDEX(_xlpm.data, _xlpm.k, 1), ""), _xlpm.dt_raw, IFERROR(INDEX(_xlpm.data, _xlpm.k, 2), ""), _xlpm.dt_num, IF( ISNUMBER(_xlpm.dt_raw), _xlpm.dt_raw, IFERROR(DATEVALUE(_xlpm.dt_raw), 0) ), TRANSPOSE( IF(_xlpm.nm="","", _xlpm.nm & IF(_xlpm.dt_num=0, "", " - " & TEXT(_xlpm.dt_num,"m/d/yyyy")) ) ) ), "")}
B49: {=IF(SUM(COUNTIF($H49:$N49,{"*TOWN OF*","*CITY OF*"}))>0,"✓","")} | C49: =IF(AND($B49="",COUNTA($H49:$N49)>0),"✓","") -> ✓ | D49: Montgomery | E49: Town | F49: Hampden | G49: 3 | H49: {=IFERROR( _xlfn.LET( _xlpm.clean, _xlfn.LAMBDA(_xlpm.x, TRIM(SUBSTITUTE(_xlpm.x,CHAR(160)," "))), _xlpm.t, CLEAN($D49), _xlpm.data, _xlfn._xlws.FILTER( CHOOSE({1,2}, 'DO NOT EDIT - Client List'!$A$2:$A$346, 'DO NOT EDIT - Client List'!$E$2:$E$346), CLEAN('DO NOT EDIT - Client List'!$C$2:$C$346)=_xlpm.t ), _xlpm.k, _xlfn.SEQUENCE(6), _xlpm.nm, IFERROR(INDEX(_xlpm.data, _xlpm.k, 1), ""), _xlpm.dt_raw, IFERROR(INDEX(_xlpm.data, _xlpm.k, 2), ""), _xlpm.dt_num, IF( ISNUMBER(_xlpm.dt_raw), _xlpm.dt_raw, IFERROR(DATEVALUE(_xlpm.dt_raw), 0) ), TRANSPOSE( IF(_xlpm.nm="","", _xlpm.nm & IF(_xlpm.dt_num=0, "", " - " & TEXT(_xlpm.dt_num,"m/d/yyyy")) ) ) ), "")}
B50: {=IF(SUM(COUNTIF($H50:$N50,{"*TOWN OF*","*CITY OF*"}))>0,"✓","")} -> ✓ | C50: =IF(AND($B50="",COUNTA($H50:$N50)>0),"✓","") | D50: Agawam | E50: City | F50: Hampden | G50: 3 | H50: {=IFERROR( _xlfn.LET( _xlpm.clean, _xlfn.LAMBDA(_xlpm.x, TRIM(SUBSTITUTE(_xlpm.x,CHAR(160)," "))), _xlpm.t, CLEAN($D50), _xlpm.data, _xlfn._xlws.FILTER( CHOOSE({1,2}, 'DO NOT EDIT - Client List'!$A$2:$A$346, 'DO NOT EDIT - Client List'!$E$2:$E$346), CLEAN('DO NOT EDIT - Client List'!$C$2:$C$346)=_xlpm.t ), _xlpm.k, _xlfn.SEQUENCE(6), _xlpm.nm, IFERROR(INDEX(_xlpm.data, _xlpm.k, 1), ""), _xlpm.dt_raw, IFERROR(INDEX(_xlpm.data, _xlpm.k, 2), ""), _xlpm.dt_num, IF( ISNUMBER(_xlpm.dt_raw), _xlpm.dt_raw, IFERROR(DATEVALUE(_xlpm.dt_raw), 0) ), TRANSPOSE( IF(_xlpm.nm="","", _xlpm.nm & IF(_xlpm.dt_num=0, "", " - " & TEXT(_xlpm.dt_num,"m/d/yyyy")) ) ) ), "")} -> SPRINGFIELD WATER AND SEWER COMMISSION - 6/22/2026 | I50: AGAWAM, TOWN OF
B51: {=IF(SUM(COUNTIF($H51:$N51,{"*TOWN OF*","*CITY OF*"}))>0,"✓","")} | C51: =IF(AND($B51="",COUNTA($H51:$N51)>0),"✓","") -> ✓ | D51: Amherst | E51: City | F51: Hampshire | G51: 3 | H51: {=IFERROR( _xlfn.LET( _xlpm.clean, _xlfn.LAMBDA(_xlpm.x, TRIM(SUBSTITUTE(_xlpm.x,CHAR(160)," "))), _xlpm.t, CLEAN($D51), _xlpm.data, _xlfn._xlws.FILTER( CHOOSE({1,2}, 'DO NOT EDIT - Client List'!$A$2:$A$346, 'DO NOT EDIT - Client List'!$E$2:$E$346), CLEAN('DO NOT EDIT - Client List'!$C$2:$C$346)=_xlpm.t ), _xlpm.k, _xlfn.SEQUENCE(6), _xlpm.nm, IFERROR(INDEX(_xlpm.data, _xlpm.k, 1), ""), _xlpm.dt_raw, IFERROR(INDEX(_xlpm.data, _xlpm.k, 2), ""), _xlpm.dt_num, IF( ISNUMBER(_xlpm.dt_raw), _xlpm.dt_raw, IFERROR(DATEVALUE(_xlpm.dt_raw), 0) ), TRANSPOSE( IF(_xlpm.nm="","", _xlpm.nm & IF(_xlpm.dt_num=0, "", " - " & TEXT(_xlpm.dt_num,"m/d/yyyy")) ) ) ), "")}
B52: {=IF(SUM(COUNTIF($H52:$N52,{"*TOWN OF*","*CITY OF*"}))>0,"✓","")} -> ✓ | C52: =IF(AND($B52="",COUNTA($H52:$N52)>0),"✓","") | D52: Chicopee | E52: City | F52: Hampden | G52: 3 | H52: {=IFERROR( _xlfn.LET( _xlpm.clean, _xlfn.LAMBDA(_xlpm.x, TRIM(SUBSTITUTE(_xlpm.x,CHAR(160)," "))), _xlpm.t, CLEAN($D52), _xlpm.data, _xlfn._xlws.FILTER( CHOOSE({1,2}, 'DO NOT EDIT - Client List'!$A$2:$A$346, 'DO NOT EDIT - Client List'!$E$2:$E$346), CLEAN('DO NOT EDIT - Client List'!$C$2:$C$346)=_xlpm.t ), _xlpm.k, _xlfn.SEQUENCE(6), _xlpm.nm, IFERROR(INDEX(_xlpm.data, _xlpm.k, 1), ""), _xlpm.dt_raw, IFERROR(INDEX(_xlpm.data, _xlpm.k, 2), ""), _xlpm.dt_num, IF( ISNUMBER(_xlpm.dt_raw), _xlpm.dt_raw, IFERROR(DATEVALUE(_xlpm.dt_raw), 0) ), TRANSPOSE( IF(_xlpm.nm="","", _xlpm.nm & IF(_xlpm.dt_num=0, "", " - " & TEXT(_xlpm.dt_num,"m/d/yyyy")) ) ) ), "")} -> CHICOPEE, CITY OF
B53: {=IF(SUM(COUNTIF($H53:$N53,{"*TOWN OF*","*CITY OF*"}))>0,"✓","")} -> ✓ | C53: =IF(AND($B53="",COUNTA($H53:$N53)>0),"✓","") | D53: Easthampton | E53: City | F53: Hampshire | G53: 3 | H53: {=IFERROR( _xlfn.LET( _xlpm.clean, _xlfn.LAMBDA(_xlpm.x, TRIM(SUBSTITUTE(_xlpm.x,CHAR(160)," "))), _xlpm.t, CLEAN($D53), _xlpm.data, _xlfn._xlws.FILTER( CHOOSE({1,2}, 'DO NOT EDIT - Client List'!$A$2:$A$346, 'DO NOT EDIT - Client List'!$E$2:$E$346), CLEAN('DO NOT EDIT - Client List'!$C$2:$C$346)=_xlpm.t ), _xlpm.k, _xlfn.SEQUENCE(6), _xlpm.nm, IFERROR(INDEX(_xlpm.data, _xlpm.k, 1), ""), _xlpm.dt_raw, IFERROR(INDEX(_xlpm.data, _xlpm.k, 2), ""), _xlpm.dt_num, IF( ISNUMBER(_xlpm.dt_raw), _xlpm.dt_raw, IFERROR(DATEVALUE(_xlpm.dt_raw), 0) ), TRANSPOSE( IF(_xlpm.nm="","", _xlpm.nm & IF(_xlpm.dt_num=0, "", " - " & TEXT(_xlpm.dt_num,"m/d/yyyy")) ) ) ), "")} -> EASTHAMPTON, CITY OF
B54: {=IF(SUM(COUNTIF($H54:$N54,{"*TOWN OF*","*CITY OF*"}))>0,"✓","")} -> ✓ | C54: =IF(AND($B54="",COUNTA($H54:$N54)>0),"✓","") | D54: Hadley | E54: Town | F54: Hampshire | G54: 3 | H54: {=IFERROR( _xlfn.LET( _xlpm.clean, _xlfn.LAMBDA(_xlpm.x, TRIM(SUBSTITUTE(_xlpm.x,CHAR(160)," "))), _xlpm.t, CLEAN($D54), _xlpm.data, _xlfn._xlws.FILTER( CHOOSE({1,2}, 'DO NOT EDIT - Client List'!$A$2:$A$346, 'DO NOT EDIT - Client List'!$E$2:$E$346), CLEAN('DO NOT EDIT - Client List'!$C$2:$C$346)=_xlpm.t ), _xlpm.k, _xlfn.SEQUENCE(6), _xlpm.nm, IFERROR(INDEX(_xlpm.data, _xlpm.k, 1), ""), _xlpm.dt_raw, IFERROR(INDEX(_xlpm.data, _xlpm.k, 2), ""), _xlpm.dt_num, IF( ISNUMBER(_xlpm.dt_raw), _xlpm.dt_raw, IFERROR(DATEVALUE(_xlpm.dt_raw), 0) ), TRANSPOSE( IF(_xlpm.nm="","", _xlpm.nm & IF(_xlpm.dt_num=0, "", " - " & TEXT(_xlpm.dt_num,"m/d/yyyy")) ) ) ), "")} -> HADLEY, TOWN OF
B55: {=IF(SUM(COUNTIF($H55:$N55,{"*TOWN OF*","*CITY OF*"}))>0,"✓","")} -> ✓ | C55: =IF(AND($B55="",COUNTA($H55:$N55)>0),"✓","") | D55: Hatfield | E55: Town | F55: Hampshire | G55: 3 | H55: {=IFERROR( _xlfn.LET( _xlpm.clean, _xlfn.LAMBDA(_xlpm.x, TRIM(SUBSTITUTE(_xlpm.x,CHAR(160)," "))), _xlpm.t, CLEAN($D55), _xlpm.data, _xlfn._xlws.FILTER( CHOOSE({1,2}, 'DO NOT EDIT - Client List'!$A$2:$A$346, 'DO NOT EDIT - Client List'!$E$2:$E$346), CLEAN('DO NOT EDIT - Client List'!$C$2:$C$346)=_xlpm.t ), _xlpm.k, _xlfn.SEQUENCE(6), _xlpm.nm, IFERROR(INDEX(_xlpm.data, _xlpm.k, 1), ""), _xlpm.dt_raw, IFERROR(INDEX(_xlpm.data, _xlpm.k, 2), ""), _xlpm.dt_num, IF( ISNUMBER(_xlpm.dt_raw), _xlpm.dt_raw, IFERROR(DATEVALUE(_xlpm.dt_raw), 0) ), TRANSPOSE( IF(_xlpm.nm="","", _xlpm.nm & IF(_xlpm.dt_num=0, "", " - " & TEXT(_xlpm.dt_num,"m/d/yyyy")) ) ) ), "")} -> HATFIELD, TOWN OF
B56: {=IF(SUM(COUNTIF($H56:$N56,{"*TOWN OF*","*CITY OF*"}))>0,"✓","")} | C56: =IF(AND($B56="",COUNTA($H56:$N56)>0),"✓","") -> ✓ | D56: Holyoke | E56: City | F56: Hampden | G56: 3 | H56: {=IFERROR( _xlfn.LET( _xlpm.clean, _xlfn.LAMBDA(_xlpm.x, TRIM(SUBSTITUTE(_xlpm.x,CHAR(160)," "))), _xlpm.t, CLEAN($D56), _xlpm.data, _xlfn._xlws.FILTER( CHOOSE({1,2}, 'DO NOT EDIT - Client List'!$A$2:$A$346, 'DO NOT EDIT - Client List'!$E$2:$E$346), CLEAN('DO NOT EDIT - Client List'!$C$2:$C$346)=_xlpm.t ), _xlpm.k, _xlfn.SEQUENCE(6), _xlpm.nm, IFERROR(INDEX(_xlpm.data, _xlpm.k, 1), ""), _xlpm.dt_raw, IFERROR(INDEX(_xlpm.data, _xlpm.k, 2), ""), _xlpm.dt_num, IF( ISNUMBER(_xlpm.dt_raw), _xlpm.dt_raw, IFERROR(DATEVALUE(_xlpm.dt_raw), 0) ), TRANSPOSE( IF(_xlpm.nm="","", _xlpm.nm & IF(_xlpm.dt_num=0, "", " - " & TEXT(_xlpm.dt_num,"m/d/yyyy")) ) ) ), "")}
B57: {=IF(SUM(COUNTIF($H57:$N57,{"*TOWN OF*","*CITY OF*"}))>0,"✓","")} | C57: =IF(AND($B57="",COUNTA($H57:$N57)>0),"✓","") -> ✓ | D57: Longmeadow | E57: Town | F57: Hampden | G57: 3 | H57: {=IFERROR( _xlfn.LET( _xlpm.clean, _xlfn.LAMBDA(_xlpm.x, TRIM(SUBSTITUTE(_xlpm.x,CHAR(160)," "))), _xlpm.t, CLEAN($D57), _xlpm.data, _xlfn._xlws.FILTER( CHOOSE({1,2}, 'DO NOT EDIT - Client List'!$A$2:$A$346, 'DO NOT EDIT - Client List'!$E$2:$E$346), CLEAN('DO NOT EDIT - Client List'!$C$2:$C$346)=_xlpm.t ), _xlpm.k, _xlfn.SEQUENCE(6), _xlpm.nm, IFERROR(INDEX(_xlpm.data, _xlpm.k, 1), ""), _xlpm.dt_raw, IFERROR(INDEX(_xlpm.data, _xlpm.k, 2), ""), _xlpm.dt_num, IF( ISNUMBER(_xlpm.dt_raw), _xlpm.dt_raw, IFERROR(DATEVALUE(_xlpm.dt_raw), 0) ), TRANSPOSE( IF(_xlpm.nm="","", _xlpm.nm & IF(_xlpm.dt_num=0, "", " - " & TEXT(_xlpm.dt_num,"m/d/yyyy")) ) ) ), "")}
B58: {=IF(SUM(COUNTIF($H58:$N58,{"*TOWN OF*","*CITY OF*"}))>0,"✓","")} -> ✓ | C58: =IF(AND($B58="",COUNTA($H58:$N58)>0),"✓","") | D58: Northampton | E58: City | F58: Hampshire | G58: 3 | H58: {=IFERROR( _xlfn.LET( _xlpm.clean, _xlfn.LAMBDA(_xlpm.x, TRIM(SUBSTITUTE(_xlpm.x,CHAR(160)," "))), _xlpm.t, CLEAN($D58), _xlpm.data, _xlfn._xlws.FILTER( CHOOSE({1,2}, 'DO NOT EDIT - Client List'!$A$2:$A$346, 'DO NOT EDIT - Client List'!$E$2:$E$346), CLEAN('DO NOT EDIT - Client List'!$C$2:$C$346)=_xlpm.t ), _xlpm.k, _xlfn.SEQUENCE(6), _xlpm.nm, IFERROR(INDEX(_xlpm.data, _xlpm.k, 1), ""), _xlpm.dt_raw, IFERROR(INDEX(_xlpm.data, _xlpm.k, 2), ""), _xlpm.dt_num, IF( ISNUMBER(_xlpm.dt_raw), _xlpm.dt_raw, IFERROR(DATEVALUE(_xlpm.dt_raw), 0) ), TRANSPOSE( IF(_xlpm.nm="","", _xlpm.nm & IF(_xlpm.dt_num=0, "", " - " & TEXT(_xlpm.dt_num,"m/d/yyyy")) ) ) ), "")} -> NORTHAMPTON, CITY OF | I58: HIGHLAND VALLEY ELDER SERVICES | J58: FRIENDS OF FORBES LIBRARY | K58: FORBES LIBRARY - 2/23/2026
B59: {=IF(SUM(COUNTIF($H59:$N59,{"*TOWN OF*","*CITY OF*"}))>0,"✓","")} -> ✓ | C59: =IF(AND($B59="",COUNTA($H59:$N59)>0),"✓","") | D59: South Hadley | E59: Town | F59: Hampshire | G59: 3 | H59: {=IFERROR( _xlfn.LET( _xlpm.clean, _xlfn.LAMBDA(_xlpm.x, TRIM(SUBSTITUTE(_xlpm.x,CHAR(160)," "))), _xlpm.t, CLEAN($D59), _xlpm.data, _xlfn._xlws.FILTER( CHOOSE({1,2}, 'DO NOT EDIT - Client List'!$A$2:$A$346, 'DO NOT EDIT - Client List'!$E$2:$E$346), CLEAN('DO NOT EDIT - Client List'!$C$2:$C$346)=_xlpm.t ), _xlpm.k, _xlfn.SEQUENCE(6), _xlpm.nm, IFERROR(INDEX(_xlpm.data, _xlpm.k, 1), ""), _xlpm.dt_raw, IFERROR(INDEX(_xlpm.data, _xlpm.k, 2), ""), _xlpm.dt_num, IF( ISNUMBER(_xlpm.dt_raw), _xlpm.dt_raw, IFERROR(DATEVALUE(_xlpm.dt_raw), 0) ), TRANSPOSE( IF(_xlpm.nm="","", _xlpm.nm & IF(_xlpm.dt_num=0, "", " - " & TEXT(_xlpm.dt_num,"m/d/yyyy")) ) ) ), "")} -> SOUTH HADLEY, TOWN OF - 1/29/2026 | I59: SOUTH HADLEY FIRE DISTRICT #1
B60: {=IF(SUM(COUNTIF($H60:$N60,{"*TOWN OF*","*CITY OF*"}))>0,"✓","")} -> ✓ | C60: =IF(AND($B60="",COUNTA($H60:$N60)>0),"✓","") | D60: Southampton | E60: Town | F60: Hampshire | G60: 3 | H60: {=IFERROR( _xlfn.LET( _xlpm.clean, _xlfn.LAMBDA(_xlpm.x, TRIM(SUBSTITUTE(_xlpm.x,CHAR(160)," "))), _xlpm.t, CLEAN($D60), _xlpm.data, _xlfn._xlws.FILTER( CHOOSE({1,2}, 'DO NOT EDIT - Client List'!$A$2:$A$346, 'DO NOT EDIT - Client List'!$E$2:$E$346), CLEAN('DO NOT EDIT - Client List'!$C$2:$C$346)=_xlpm.t ), _xlpm.k, _xlfn.SEQUENCE(6), _xlpm.nm, IFERROR(INDEX(_xlpm.data, _xlpm.k, 1), ""), _xlpm.dt_raw, IFERROR(INDEX(_xlpm.data, _xlpm.k, 2), ""), _xlpm.dt_num, IF( ISNUMBER(_xlpm.dt_raw), _xlpm.dt_raw, IFERROR(DATEVALUE(_xlpm.dt_raw), 0) ), TRANSPOSE( IF(_xlpm.nm="","", _xlpm.nm & IF(_xlpm.dt_num=0, "", " - " & TEXT(_xlpm.dt_num,"m/d/yyyy")) ) ) ), "")} -> SOUTHAMPTON, TOWN OF
B61: {=IF(SUM(COUNTIF($H61:$N61,{"*TOWN OF*","*CITY OF*"}))>0,"✓","")} -> ✓ | C61: =IF(AND($B61="",COUNTA($H61:$N61)>0),"✓","") | D61: Southwick | E61: Town | F61: Hampden | G61: 3 | H61: {=IFERROR( _xlfn.LET( _xlpm.clean, _xlfn.LAMBDA(_xlpm.x, TRIM(SUBSTITUTE(_xlpm.x,CHAR(160)," "))), _xlpm.t, CLEAN($D61), _xlpm.data, _xlfn._xlws.FILTER( CHOOSE({1,2}, 'DO NOT EDIT - Client List'!$A$2:$A$346, 'DO NOT EDIT - Client List'!$E$2:$E$346), CLEAN('DO NOT EDIT - Client List'!$C$2:$C$346)=_xlpm.t ), _xlpm.k, _xlfn.SEQUENCE(6), _xlpm.nm, IFERROR(INDEX(_xlpm.data, _xlpm.k, 1), ""), _xlpm.dt_raw, IFERROR(INDEX(_xlpm.data, _xlpm.k, 2), ""), _xlpm.dt_num, IF( ISNUMBER(_xlpm.dt_raw), _xlpm.dt_raw, IFERROR(DATEVALUE(_xlpm.dt_raw), 0) ), TRANSPOSE( IF(_xlpm.nm="","", _xlpm.nm & IF(_xlpm.dt_num=0, "", " - " & TEXT(_xlpm.dt_num,"m/d/yyyy")) ) ) ), "")} -> SOUTHWICK, TOWN OF
B62: {=IF(SUM(COUNTIF($H62:$N62,{"*TOWN OF*","*CITY OF*"}))>0,"✓","")} | C62: =IF(AND($B62="",COUNTA($H62:$N62)>0),"✓","") -> ✓ | D62: Springfield | E62: City | F62: Hampden | G62: 3 | H62: {=IFERROR( _xlfn.LET( _xlpm.clean, _xlfn.LAMBDA(_xlpm.x, TRIM(SUBSTITUTE(_xlpm.x,CHAR(160)," "))), _xlpm.t, CLEAN($D62), _xlpm.data, _xlfn._xlws.FILTER( CHOOSE({1,2}, 'DO NOT EDIT - Client List'!$A$2:$A$346, 'DO NOT EDIT - Client List'!$E$2:$E$346), CLEAN('DO NOT EDIT - Client List'!$C$2:$C$346)=_xlpm.t ), _xlpm.k, _xlfn.SEQUENCE(6), _xlpm.nm, IFERROR(INDEX(_xlpm.data, _xlpm.k, 1), ""), _xlpm.dt_raw, IFERROR(INDEX(_xlpm.data, _xlpm.k, 2), ""), _xlpm.dt_num, IF( ISNUMBER(_xlpm.dt_raw), _xlpm.dt_raw, IFERROR(DATEVALUE(_xlpm.dt_raw), 0) ), TRANSPOSE( IF(_xlpm.nm="","", _xlpm.nm & IF(_xlpm.dt_num=0, "", " - " & TEXT(_xlpm.dt_num,"m/d/yyyy")) ) ) ), "")}
B63: {=IF(SUM(COUNTIF($H63:$N63,{"*TOWN OF*","*CITY OF*"}))>0,"✓","")} -> ✓ | C63: =IF(AND($B63="",COUNTA($H63:$N63)>0),"✓","") | D63: Sunderland | E63: Town | F63: Franklin | G63: 3 | H63: {=IFERROR( _xlfn.LET( _xlpm.clean, _xlfn.LAMBDA(_xlpm.x, TRIM(SUBSTITUTE(_xlpm.x,CHAR(160)," "))), _xlpm.t, CLEAN($D63), _xlpm.data, _xlfn._xlws.FILTER( CHOOSE({1,2}, 'DO NOT EDIT - Client List'!$A$2:$A$346, 'DO NOT EDIT - Client List'!$E$2:$E$346), CLEAN('DO NOT EDIT - Client List'!$C$2:$C$346)=_xlpm.t ), _xlpm.k, _xlfn.SEQUENCE(6), _xlpm.nm, IFERROR(INDEX(_xlpm.data, _xlpm.k, 1), ""), _xlpm.dt_raw, IFERROR(INDEX(_xlpm.data, _xlpm.k, 2), ""), _xlpm.dt_num, IF( ISNUMBER(_xlpm.dt_raw), _xlpm.dt_raw, IFERROR(DATEVALUE(_xlpm.dt_raw), 0) ), TRANSPOSE( IF(_xlpm.nm="","", _xlpm.nm & IF(_xlpm.dt_num=0, "", " - " & TEXT(_xlpm.dt_num,"m/d/yyyy")) ) ) ), "")} -> SUNDERLAND, TOWN OF
B64: {=IF(SUM(COUNTIF($H64:$N64,{"*TOWN OF*","*CITY OF*"}))>0,"✓","")} | C64: =IF(AND($B64="",COUNTA($H64:$N64)>0),"✓","") -> ✓ | D64: West Springfield | E64: City | F64: Hampden | G64: 3 | H64: {=IFERROR( _xlfn.LET( _xlpm.clean, _xlfn.LAMBDA(_xlpm.x, TRIM(SUBSTITUTE(_xlpm.x,CHAR(160)," "))), _xlpm.t, CLEAN($D64), _xlpm.data, _xlfn._xlws.FILTER( CHOOSE({1,2}, 'DO NOT EDIT - Client List'!$A$2:$A$346, 'DO NOT EDIT - Client List'!$E$2:$E$346), CLEAN('DO NOT EDIT - Client List'!$C$2:$C$346)=_xlpm.t ), _xlpm.k, _xlfn.SEQUENCE(6), _xlpm.nm, IFERROR(INDEX(_xlpm.data, _xlpm.k, 1), ""), _xlpm.dt_raw, IFERROR(INDEX(_xlpm.data, _xlpm.k, 2), ""), _xlpm.dt_num, IF( ISNUMBER(_xlpm.dt_raw), _xlpm.dt_raw, IFERROR(DATEVALUE(_xlpm.dt_raw), 0) ), TRANSPOSE( IF(_xlpm.nm="","", _xlpm.nm & IF(_xlpm.dt_num=0, "", " - " & TEXT(_xlpm.dt_num,"m/d/yyyy")) ) ) ), "")}
B65: {=IF(SUM(COUNTIF($H65:$N65,{"*TOWN OF*","*CITY OF*"}))>0,"✓","")} | C65: =IF(AND($B65="",COUNTA($H65:$N65)>0),"✓","") -> ✓ | D65: Westfield | E65: City | F65: Hampden | G65: 3 | H65: {=IFERROR( _xlfn.LET( _xlpm.clean, _xlfn.LAMBDA(_xlpm.x, TRIM(SUBSTITUTE(_xlpm.x,CHAR(160)," "))), _xlpm.t, CLEAN($D65), _xlpm.data, _xlfn._xlws.FILTER( CHOOSE({1,2}, 'DO NOT EDIT - Client List'!$A$2:$A$346, 'DO NOT EDIT - Client List'!$E$2:$E$346), CLEAN('DO NOT EDIT - Client List'!$C$2:$C$346)=_xlpm.t ), _xlpm.k, _xlfn.SEQUENCE(6), _xlpm.nm, IFERROR(INDEX(_xlpm.data, _xlpm.k, 1), ""), _xlpm.dt_raw, IFERROR(INDEX(_xlpm.data, _xlpm.k, 2), ""), _xlpm.dt_num, IF( ISNUMBER(_xlpm.dt_raw), _xlpm.dt_raw, IFERROR(DATEVALUE(_xlpm.dt_raw), 0) ), TRANSPOSE( IF(_xlpm.nm="","", _xlpm.nm & IF(_xlpm.dt_num=0, "", " - " & TEXT(_xlpm.dt_num,"m/d/yyyy")) ) ) ), "")}
B66: {=IF(SUM(COUNTIF($H66:$N66,{"*TOWN OF*","*CITY OF*"}))>0,"✓","")} -> ✓ | C66: =IF(AND($B66="",COUNTA($H66:$N66)>0),"✓","") | D66: Westhampton | E66: Town | F66: Hampshire | G66: 3 | H66: {=IFERROR( _xlfn.LET( _xlpm.clean, _xlfn.LAMBDA(_xlpm.x, TRIM(SUBSTITUTE(_xlpm.x,CHAR(160)," "))), _xlpm.t, CLEAN($D66), _xlpm.data, _xlfn._xlws.FILTER( CHOOSE({1,2}, 'DO NOT EDIT - Client List'!$A$2:$A$346, 'DO NOT EDIT - Client List'!$E$2:$E$346), CLEAN('DO NOT EDIT - Client List'!$C$2:$C$346)=_xlpm.t ), _xlpm.k, _xlfn.SEQUENCE(6), _xlpm.nm, IFERROR(INDEX(_xlpm.data, _xlpm.k, 1), ""), _xlpm.dt_raw, IFERROR(INDEX(_xlpm.data, _xlpm.k, 2), ""), _xlpm.dt_num, IF( ISNUMBER(_xlpm.dt_raw), _xlpm.dt_raw, IFERROR(DATEVALUE(_xlpm.dt_raw), 0) ), TRANSPOSE( IF(_xlpm.nm="","", _xlpm.nm & IF(_xlpm.dt_num=0, "", " - " & TEXT(_xlpm.dt_num,"m/d/yyyy")) ) ) ), "")} -> WESTHAMPTON, TOWN OF
B67: {=IF(SUM(COUNTIF($H67:$N67,{"*TOWN OF*","*CITY OF*"}))>0,"✓","")} -> ✓ | C67: =IF(AND($B67="",COUNTA($H67:$N67)>0),"✓","") | D67: Whately | E67: Town | F67: Franklin | G67: 3 | H67: {=IFERROR( _xlfn.LET( _xlpm.clean, _xlfn.LAMBDA(_xlpm.x, TRIM(SUBSTITUTE(_xlpm.x,CHAR(160)," "))), _xlpm.t, CLEAN($D67), _xlpm.data, _xlfn._xlws.FILTER( CHOOSE({1,2}, 'DO NOT EDIT - Client List'!$A$2:$A$346, 'DO NOT EDIT - Client List'!$E$2:$E$346), CLEAN('DO NOT EDIT - Client List'!$C$2:$C$346)=_xlpm.t ), _xlpm.k, _xlfn.SEQUENCE(6), _xlpm.nm, IFERROR(INDEX(_xlpm.data, _xlpm.k, 1), ""), _xlpm.dt_raw, IFERROR(INDEX(_xlpm.data, _xlpm.k, 2), ""), _xlpm.dt_num, IF( ISNUMBER(_xlpm.dt_raw), _xlpm.dt_raw, IFERROR(DATEVALUE(_xlpm.dt_raw), 0) ), TRANSPOSE( IF(_xlpm.nm="","", _xlpm.nm & IF(_xlpm.dt_num=0, "", " - " & TEXT(_xlpm.dt_num,"m/d/yyyy")) ) ) ), "")} -> WHATELY, TOWN OF - 1/13/2026
B68: {=IF(SUM(COUNTIF($H68:$N68,{"*TOWN OF*","*CITY OF*"}))>0,"✓","")} | C68: =IF(AND($B68="",COUNTA($H68:$N68)>0),"✓","") -> ✓ | D68: Williamsburg | E68: Town | F68: Hampshire | G68: 3 | H68: {=IFERROR( _xlfn.LET( _xlpm.clean, _xlfn.LAMBDA(_xlpm.x, TRIM(SUBSTITUTE(_xlpm.x,CHAR(160)," "))), _xlpm.t, CLEAN($D68), _xlpm.data, _xlfn._xlws.FILTER( CHOOSE({1,2}, 'DO NOT EDIT - Client List'!$A$2:$A$346, 'DO NOT EDIT - Client List'!$E$2:$E$346), CLEAN('DO NOT EDIT - Client List'!$C$2:$C$346)=_xlpm.t ), _xlpm.k, _xlfn.SEQUENCE(6), _xlpm.nm, IFERROR(INDEX(_xlpm.data, _xlpm.k, 1), ""), _xlpm.dt_raw, IFERROR(INDEX(_xlpm.data, _xlpm.k, 2), ""), _xlpm.dt_num, IF( ISNUMBER(_xlpm.dt_raw), _xlpm.dt_raw, IFERROR(DATEVALUE(_xlpm.dt_raw), 0) ), TRANSPOSE( IF(_xlpm.nm="","", _xlpm.nm & IF(_xlpm.dt_num=0, "", " - " & TEXT(_xlpm.dt_num,"m/d/yyyy")) ) ) ), "")}
B69: {=IF(SUM(COUNTIF($H69:$N69,{"*TOWN OF*","*CITY OF*"}))>0,"✓","")} -> ✓ | C69: =IF(AND($B69="",COUNTA($H69:$N69)>0),"✓","") | D69: Ashfield | E69: Town | F69: Franklin | G69: 4 | H69: {=IFERROR( _xlfn.LET( _xlpm.clean, _xlfn.LAMBDA(_xlpm.x, TRIM(SUBSTITUTE(_xlpm.x,CHAR(160)," "))), _xlpm.t, CLEAN($D69), _xlpm.data, _xlfn._xlws.FILTER( CHOOSE({1,2}, 'DO NOT EDIT - Client List'!$A$2:$A$346, 'DO NOT EDIT - Client List'!$E$2:$E$346), CLEAN('DO NOT EDIT - Client List'!$C$2:$C$346)=_xlpm.t ), _xlpm.k, _xlfn.SEQUENCE(6), _xlpm.nm, IFERROR(INDEX(_xlpm.data, _xlpm.k, 1), ""), _xlpm.dt_raw, IFERROR(INDEX(_xlpm.data, _xlpm.k, 2), ""), _xlpm.dt_num, IF( ISNUMBER(_xlpm.dt_raw), _xlpm.dt_raw, IFERROR(DATEVALUE(_xlpm.dt_raw), 0) ), TRANSPOSE( IF(_xlpm.nm="","", _xlpm.nm & IF(_xlpm.dt_num=0, "", " - " & TEXT(_xlpm.dt_num,"m/d/yyyy")) ) ) ), "")} -> ASHFIELD, TOWN OF
B70: {=IF(SUM(COUNTIF($H70:$N70,{"*TOWN OF*","*CITY OF*"}))>0,"✓","")} -> ✓ | C70: =IF(AND($B70="",COUNTA($H70:$N70)>0),"✓","") | D70: Bernardston | E70: Town | F70: Franklin | G70: 4 | H70: {=IFERROR( _xlfn.LET( _xlpm.clean, _xlfn.LAMBDA(_xlpm.x, TRIM(SUBSTITUTE(_xlpm.x,CHAR(160)," "))), _xlpm.t, CLEAN($D70), _xlpm.data, _xlfn._xlws.FILTER( CHOOSE({1,2}, 'DO NOT EDIT - Client List'!$A$2:$A$346, 'DO NOT EDIT - Client List'!$E$2:$E$346), CLEAN('DO NOT EDIT - Client List'!$C$2:$C$346)=_xlpm.t ), _xlpm.k, _xlfn.SEQUENCE(6), _xlpm.nm, IFERROR(INDEX(_xlpm.data, _xlpm.k, 1), ""), _xlpm.dt_raw, IFERROR(INDEX(_xlpm.data, _xlpm.k, 2), ""), _xlpm.dt_num, IF( ISNUMBER(_xlpm.dt_raw), _xlpm.dt_raw, IFERROR(DATEVALUE(_xlpm.dt_raw), 0) ), TRANSPOSE( IF(_xlpm.nm="","", _xlpm.nm & IF(_xlpm.dt_num=0, "", " - " & TEXT(_xlpm.dt_num,"m/d/yyyy")) ) ) ), "")} -> BERNARDSTON, TOWN OF
B71: {=IF(SUM(COUNTIF($H71:$N71,{"*TOWN OF*","*CITY OF*"}))>0,"✓","")} -> ✓ | C71: =IF(AND($B71="",COUNTA($H71:$N71)>0),"✓","") | D71: Buckland | E71: Town | F71: Franklin | G71: 4 | H71: {=IFERROR( _xlfn.LET( _xlpm.clean, _xlfn.LAMBDA(_xlpm.x, TRIM(SUBSTITUTE(_xlpm.x,CHAR(160)," "))), _xlpm.t, CLEAN($D71), _xlpm.data, _xlfn._xlws.FILTER( CHOOSE({1,2}, 'DO NOT EDIT - Client List'!$A$2:$A$346, 'DO NOT EDIT - Client List'!$E$2:$E$346), CLEAN('DO NOT EDIT - Client List'!$C$2:$C$346)=_xlpm.t ), _xlpm.k, _xlfn.SEQUENCE(6), _xlpm.nm, IFERROR(INDEX(_xlpm.data, _xlpm.k, 1), ""), _xlpm.dt_raw, IFERROR(INDEX(_xlpm.data, _xlpm.k, 2), ""), _xlpm.dt_num, IF( ISNUMBER(_xlpm.dt_raw), _xlpm.dt_raw, IFERROR(DATEVALUE(_xlpm.dt_raw), 0) ), TRANSPOSE( IF(_xlpm.nm="","", _xlpm.nm & IF(_xlpm.dt_num=0, "", " - " & TEXT(_xlpm.dt_num,"m/d/yyyy")) ) ) ), "")} -> BUCKLAND, TOWN OF
... B81: {=IF(SUM(COUNTIF($H81:$N81,{"*TOWN OF*","*CITY OF*"}))>0,"✓","")} -> ✓ | C81: =IF(AND($B81="",COUNTA($H81:$N81)>0),"✓","") | D81: Northfield | E81: Town | F81: Franklin | G81: 4 | H81: {=IFERROR( _xlfn.LET( _xlpm.clean, _xlfn.LAMBDA(_xlpm.x, TRIM(SUBSTITUTE(_xlpm.x,CHAR(160)," "))), _xlpm.t, CLEAN($D81), _xlpm.data, _xlfn._xlws.FILTER( CHOOSE({1,2}, 'DO NOT EDIT - Client List'!$A$2:$A$346, 'DO NOT EDIT - Client List'!$E$2:$E$346), CLEAN('DO NOT EDIT - Client List'!$C$2:$C$346)=_xlpm.t ), _xlpm.k, _xlfn.SEQUENCE(6), _xlpm.nm, IFERROR(INDEX(_xlpm.data, _xlpm.k, 1), ""), _xlpm.dt_raw, IFERROR(INDEX(_xlpm.data, _xlpm.k, 2), ""), _xlpm.dt_num, IF( ISNUMBER(_xlpm.dt_raw), _xlpm.dt_raw, IFERROR(DATEVALUE(_xlpm.dt_raw), 0) ), TRANSPOSE( IF(_xlpm.nm="","", _xlpm.nm & IF(_xlpm.dt_num=0, "", " - " & TEXT(_xlpm.dt_num,"m/d/yyyy")) ) ) ), "")} -> NORTHFIELD, TOWN OF - 2/24/2026
B82: {=IF(SUM(COUNTIF($H82:$N82,{"*TOWN OF*","*CITY OF*"}))>0,"✓","")} -> ✓ | C82: =IF(AND($B82="",COUNTA($H82:$N82)>0),"✓","") | D82: Orange | E82: Town | F82: Franklin | G82: 4 | H82: {=IFERROR( _xlfn.LET( _xlpm.clean, _xlfn.LAMBDA(_xlpm.x, TRIM(SUBSTITUTE(_xlpm.x,CHAR(160)," "))), _xlpm.t, CLEAN($D82), _xlpm.data, _xlfn._xlws.FILTER( CHOOSE({1,2}, 'DO NOT EDIT - Client List'!$A$2:$A$346, 'DO NOT EDIT - Client List'!$E$2:$E$346), CLEAN('DO NOT EDIT - Client List'!$C$2:$C$346)=_xlpm.t ), _xlpm.k, _xlfn.SEQUENCE(6), _xlpm.nm, IFERROR(INDEX(_xlpm.data, _xlpm.k, 1), ""), _xlpm.dt_raw, IFERROR(INDEX(_xlpm.data, _xlpm.k, 2), ""), _xlpm.dt_num, IF( ISNUMBER(_xlpm.dt_raw), _xlpm.dt_raw, IFERROR(DATEVALUE(_xlpm.dt_raw), 0) ), TRANSPOSE( IF(_xlpm.nm="","", _xlpm.nm & IF(_xlpm.dt_num=0, "", " - " & TEXT(_xlpm.dt_num,"m/d/yyyy")) ) ) ), "")} -> RALPH C. MAHAR RSD | I82: ORANGE, TOWN OF
B83: {=IF(SUM(COUNTIF($H83:$N83,{"*TOWN OF*","*CITY OF*"}))>0,"✓","")} -> ✓ | C83: =IF(AND($B83="",COUNTA($H83:$N83)>0),"✓","") | D83: Pelham | E83: Town | F83: Hampshire | G83: 4 | H83: {=IFERROR( _xlfn.LET( _xlpm.clean, _xlfn.LAMBDA(_xlpm.x, TRIM(SUBSTITUTE(_xlpm.x,CHAR(160)," "))), _xlpm.t, CLEAN($D83), _xlpm.data, _xlfn._xlws.FILTER( CHOOSE({1,2}, 'DO NOT EDIT - Client List'!$A$2:$A$346, 'DO NOT EDIT - Client List'!$E$2:$E$346), CLEAN('DO NOT EDIT - Client List'!$C$2:$C$346)=_xlpm.t ), _xlpm.k, _xlfn.SEQUENCE(6), _xlpm.nm, IFERROR(INDEX(_xlpm.data, _xlpm.k, 1), ""), _xlpm.dt_raw, IFERROR(INDEX(_xlpm.data, _xlpm.k, 2), ""), _xlpm.dt_num, IF( ISNUMBER(_xlpm.dt_raw), _xlpm.dt_raw, IFERROR(DATEVALUE(_xlpm.dt_raw), 0) ), TRANSPOSE( IF(_xlpm.nm="","", _xlpm.nm & IF(_xlpm.dt_num=0, "", " - " & TEXT(_xlpm.dt_num,"m/d/yyyy")) ) ) ), "")} -> PELHAM, TOWN OF
B84: {=IF(SUM(COUNTIF($H84:$N84,{"*TOWN OF*","*CITY OF*"}))>0,"✓","")} -> ✓ | C84: =IF(AND($B84="",COUNTA($H84:$N84)>0),"✓","") | D84: Shelburne | E84: Town | F84: Franklin | G84: 4 | H84: {=IFERROR( _xlfn.LET( _xlpm.clean, _xlfn.LAMBDA(_xlpm.x, TRIM(SUBSTITUTE(_xlpm.x,CHAR(160)," "))), _xlpm.t, CLEAN($D84), _xlpm.data, _xlfn._xlws.FILTER( CHOOSE({1,2}, 'DO NOT EDIT - Client List'!$A$2:$A$346, 'DO NOT EDIT - Client List'!$E$2:$E$346), CLEAN('DO NOT EDIT - Client List'!$C$2:$C$346)=_xlpm.t ), _xlpm.k, _xlfn.SEQUENCE(6), _xlpm.nm, IFERROR(INDEX(_xlpm.data, _xlpm.k, 1), ""), _xlpm.dt_raw, IFERROR(INDEX(_xlpm.data, _xlpm.k, 2), ""), _xlpm.dt_num, IF( ISNUMBER(_xlpm.dt_raw), _xlpm.dt_raw, IFERROR(DATEVALUE(_xlpm.dt_raw), 0) ), TRANSPOSE( IF(_xlpm.nm="","", _xlpm.nm & IF(_xlpm.dt_num=0, "", " - " & TEXT(_xlpm.dt_num,"m/d/yyyy")) ) ) ), "")} -> SHELBURNE, TOWN OF | I84: MOHAWK TRAIL RSD - 3/11/2026
B85: {=IF(SUM(COUNTIF($H85:$N85,{"*TOWN OF*","*CITY OF*"}))>0,"✓","")} -> ✓ | C85: =IF(AND($B85="",COUNTA($H85:$N85)>0),"✓","") | D85: Shutesbury | E85: Town | F85: Franklin | G85: 4 | H85: {=IFERROR( _xlfn.LET( _xlpm.clean, _xlfn.LAMBDA(_xlpm.x, TRIM(SUBSTITUTE(_xlpm.x,CHAR(160)," "))), _xlpm.t, CLEAN($D85), _xlpm.data, _xlfn._xlws.FILTER( CHOOSE({1,2}, 'DO NOT EDIT - Client List'!$A$2:$A$346, 'DO NOT EDIT - Client List'!$E$2:$E$346), CLEAN('DO NOT EDIT - Client List'!$C$2:$C$346)=_xlpm.t ), _xlpm.k, _xlfn.SEQUENCE(6), _xlpm.nm, IFERROR(INDEX(_xlpm.data, _xlpm.k, 1), ""), _xlpm.dt_raw, IFERROR(INDEX(_xlpm.data, _xlpm.k, 2), ""), _xlpm.dt_num, IF( ISNUMBER(_xlpm.dt_raw), _xlpm.dt_raw, IFERROR(DATEVALUE(_xlpm.dt_raw), 0) ), TRANSPOSE( IF(_xlpm.nm="","", _xlpm.nm & IF(_xlpm.dt_num=0, "", " - " & TEXT(_xlpm.dt_num,"m/d/yyyy")) ) ) ), "")} -> SHUTESBURY, TOWN OF
B86: {=IF(SUM(COUNTIF($H86:$N86,{"*TOWN OF*","*CITY OF*"}))>0,"✓","")} -> ✓ | C86: =IF(AND($B86="",COUNTA($H86:$N86)>0),"✓","") | D86: Warwick | E86: Town | F86: Franklin | G86: 4 | H86: {=IFERROR( _xlfn.LET( _xlpm.clean, _xlfn.LAMBDA(_xlpm.x, TRIM(SUBSTITUTE(_xlpm.x,CHAR(160)," "))), _xlpm.t, CLEAN($D86), _xlpm.data, _xlfn._xlws.FILTER( CHOOSE({1,2}, 'DO NOT EDIT - Client List'!$A$2:$A$346, 'DO NOT EDIT - Client List'!$E$2:$E$346), CLEAN('DO NOT EDIT - Client List'!$C$2:$C$346)=_xlpm.t ), _xlpm.k, _xlfn.SEQUENCE(6), _xlpm.nm, IFERROR(INDEX(_xlpm.data, _xlpm.k, 1), ""), _xlpm.dt_raw, IFERROR(INDEX(_xlpm.data, _xlpm.k, 2), ""), _xlpm.dt_num, IF( ISNUMBER(_xlpm.dt_raw), _xlpm.dt_raw, IFERROR(DATEVALUE(_xlpm.dt_raw), 0) ), TRANSPOSE( IF(_xlpm.nm="","", _xlpm.nm & IF(_xlpm.dt_num=0, "", " - " & TEXT(_xlpm.dt_num,"m/d/yyyy")) ) ) ), "")} -> WARWICK, TOWN OF
B87: {=IF(SUM(COUNTIF($H87:$N87,{"*TOWN OF*","*CITY OF*"}))>0,"✓","")} | C87: =IF(AND($B87="",COUNTA($H87:$N87)>0),"✓","") -> ✓ | D87: Wendell | E87: Town | F87: Franklin | G87: 4 | H87: {=IFERROR( _xlfn.LET( _xlpm.clean, _xlfn.LAMBDA(_xlpm.x, TRIM(SUBSTITUTE(_xlpm.x,CHAR(160)," "))), _xlpm.t, CLEAN($D87), _xlpm.data, _xlfn._xlws.FILTER( CHOOSE({1,2}, 'DO NOT EDIT - Client List'!$A$2:$A$346, 'DO NOT EDIT - Client List'!$E$2:$E$346), CLEAN('DO NOT EDIT - Client List'!$C$2:$C$346)=_xlpm.t ), _xlpm.k, _xlfn.SEQUENCE(6), _xlpm.nm, IFERROR(INDEX(_xlpm.data, _xlpm.k, 1), ""), _xlpm.dt_raw, IFERROR(INDEX(_xlpm.data, _xlpm.k, 2), ""), _xlpm.dt_num, IF( ISNUMBER(_xlpm.dt_raw), _xlpm.dt_raw, IFERROR(DATEVALUE(_xlpm.dt_raw), 0) ), TRANSPOSE( IF(_xlpm.nm="","", _xlpm.nm & IF(_xlpm.dt_num=0, "", " - " & TEXT(_xlpm.dt_num,"m/d/yyyy")) ) ) ), "")}
B88: {=IF(SUM(COUNTIF($H88:$N88,{"*TOWN OF*","*CITY OF*"}))>0,"✓","")} -> ✓ | C88: =IF(AND($B88="",COUNTA($H88:$N88)>0),"✓","") | D88: Deerfield | E88: Town | F88: Franklin | G88: 3 | H88: {=IFERROR( _xlfn.LET( _xlpm.clean, _xlfn.LAMBDA(_xlpm.x, TRIM(SUBSTITUTE(_xlpm.x,CHAR(160)," "))), _xlpm.t, CLEAN($D88), _xlpm.data, _xlfn._xlws.FILTER( CHOOSE({1,2}, 'DO NOT EDIT - Client List'!$A$2:$A$346, 'DO NOT EDIT - Client List'!$E$2:$E$346), CLEAN('DO NOT EDIT - Client List'!$C$2:$C$346)=_xlpm.t ), _xlpm.k, _xlfn.SEQUENCE(6), _xlpm.nm, IFERROR(INDEX(_xlpm.data, _xlpm.k, 1), ""), _xlpm.dt_raw, IFERROR(INDEX(_xlpm.data, _xlpm.k, 2), ""), _xlpm.dt_num, IF( ISNUMBER(_xlpm.dt_raw), _xlpm.dt_raw, IFERROR(DATEVALUE(_xlpm.dt_raw), 0) ), TRANSPOSE( IF(_xlpm.nm="","", _xlpm.nm & IF(_xlpm.dt_num=0, "", " - " & TEXT(_xlpm.dt_num,"m/d/yyyy")) ) ) ), "")} -> SOUTH DEERFIELD FIRE DISTRICT - 1/13/2026 | I88: FRONTIER RSD - 1/8/2026 | J88: DEERFIELD, TOWN OF - 1/13/2026
B89: {=IF(SUM(COUNTIF($H89:$N89,{"*TOWN OF*","*CITY OF*"}))>0,"✓","")} | C89: =IF(AND($B89="",COUNTA($H89:$N89)>0),"✓","") -> ✓ | D89: Greenfield | E89: City | F89: Franklin | G89: 4 | H89: {=IFERROR( _xlfn.LET( _xlpm.clean, _xlfn.LAMBDA(_xlpm.x, TRIM(SUBSTITUTE(_xlpm.x,CHAR(160)," "))), _xlpm.t, CLEAN($D89), _xlpm.data, _xlfn._xlws.FILTER( CHOOSE({1,2}, 'DO NOT EDIT - Client List'!$A$2:$A$346, 'DO NOT EDIT - Client List'!$E$2:$E$346), CLEAN('DO NOT EDIT - Client List'!$C$2:$C$346)=_xlpm.t ), _xlpm.k, _xlfn.SEQUENCE(6), _xlpm.nm, IFERROR(INDEX(_xlpm.data, _xlpm.k, 1), ""), _xlpm.dt_raw, IFERROR(INDEX(_xlpm.data, _xlpm.k, 2), ""), _xlpm.dt_num, IF( ISNUMBER(_xlpm.dt_raw), _xlpm.dt_raw, IFERROR(DATEVALUE(_xlpm.dt_raw), 0) ), TRANSPOSE( IF(_xlpm.nm="","", _xlpm.nm & IF(_xlpm.dt_num=0, "", " - " & TEXT(_xlpm.dt_num,"m/d/yyyy")) ) ) ), "")}
B90: {=IF(SUM(COUNTIF($H90:$N90,{"*TOWN OF*","*CITY OF*"}))>0,"✓","")} -> ✓ | C90: =IF(AND($B90="",COUNTA($H90:$N90)>0),"✓","") | D90: Montague | E90: Town | F90: Franklin | G90: 4 | H90: {=IFERROR( _xlfn.LET( _xlpm.clean, _xlfn.LAMBDA(_xlpm.x, TRIM(SUBSTITUTE(_xlpm.x,CHAR(160)," "))), _xlpm.t, CLEAN($D90), _xlpm.data, _xlfn._xlws.FILTER( CHOOSE({1,2}, 'DO NOT EDIT - Client List'!$A$2:$A$346, 'DO NOT EDIT - Client List'!$E$2:$E$346), CLEAN('DO NOT EDIT - Client List'!$C$2:$C$346)=_xlpm.t ), _xlpm.k, _xlfn.SEQUENCE(6), _xlpm.nm, IFERROR(INDEX(_xlpm.data, _xlpm.k, 1), ""), _xlpm.dt_raw, IFERROR(INDEX(_xlpm.data, _xlpm.k, 2), ""), _xlpm.dt_num, IF( ISNUMBER(_xlpm.dt_raw), _xlpm.dt_raw, IFERROR(DATEVALUE(_xlpm.dt_raw), 0) ), TRANSPOSE( IF(_xlpm.nm="","", _xlpm.nm & IF(_xlpm.dt_num=0, "", " - " & TEXT(_xlpm.dt_num,"m/d/yyyy")) ) ) ), "")} -> MONTAGUE, TOWN OF | I90: GILL-MONTAGUE RSD | J90: FRANKLIN COUNTY TECHNICAL SCHOOL
B91: {=IF(SUM(COUNTIF($H91:$N91,{"*TOWN OF*","*CITY OF*"}))>0,"✓","")} -> ✓ | C91: =IF(AND($B91="",COUNTA($H91:$N91)>0),"✓","") | D91: Ashburnham | E91: Town | F91: Worcester | G91: 5 | H91: {=IFERROR( _xlfn.LET( _xlpm.clean, _xlfn.LAMBDA(_xlpm.x, TRIM(SUBSTITUTE(_xlpm.x,CHAR(160)," "))), _xlpm.t, CLEAN($D91), _xlpm.data, _xlfn._xlws.FILTER( CHOOSE({1,2}, 'DO NOT EDIT - Client List'!$A$2:$A$346, 'DO NOT EDIT - Client List'!$E$2:$E$346), CLEAN('DO NOT EDIT - Client List'!$C$2:$C$346)=_xlpm.t ), _xlpm.k, _xlfn.SEQUENCE(6), _xlpm.nm, IFERROR(INDEX(_xlpm.data, _xlpm.k, 1), ""), _xlpm.dt_raw, IFERROR(INDEX(_xlpm.data, _xlpm.k, 2), ""), _xlpm.dt_num, IF( ISNUMBER(_xlpm.dt_raw), _xlpm.dt_raw, IFERROR(DATEVALUE(_xlpm.dt_raw), 0) ), TRANSPOSE( IF(_xlpm.nm="","", _xlpm.nm & IF(_xlpm.dt_num=0, "", " - " & TEXT(_xlpm.dt_num,"m/d/yyyy")) ) ) ), "")} -> ASHBURNHAM, TOWN OF - 4/28/2026
B92: {=IF(SUM(COUNTIF($H92:$N92,{"*TOWN OF*","*CITY OF*"}))>0,"✓","")} -> ✓ | C92: =IF(AND($B92="",COUNTA($H92:$N92)>0),"✓","") | D92: Ashby | E92: Town | F92: Middlesex | G92: 5 | H92: {=IFERROR( _xlfn.LET( _xlpm.clean, _xlfn.LAMBDA(_xlpm.x, TRIM(SUBSTITUTE(_xlpm.x,CHAR(160)," "))), _xlpm.t, CLEAN($D92), _xlpm.data, _xlfn._xlws.FILTER( CHOOSE({1,2}, 'DO NOT EDIT - Client List'!$A$2:$A$346, 'DO NOT EDIT - Client List'!$E$2:$E$346), CLEAN('DO NOT EDIT - Client List'!$C$2:$C$346)=_xlpm.t ), _xlpm.k, _xlfn.SEQUENCE(6), _xlpm.nm, IFERROR(INDEX(_xlpm.data, _xlpm.k, 1), ""), _xlpm.dt_raw, IFERROR(INDEX(_xlpm.data, _xlpm.k, 2), ""), _xlpm.dt_num, IF( ISNUMBER(_xlpm.dt_raw), _xlpm.dt_raw, IFERROR(DATEVALUE(_xlpm.dt_raw), 0) ), TRANSPOSE( IF(_xlpm.nm="","", _xlpm.nm & IF(_xlpm.dt_num=0, "", " - " & TEXT(_xlpm.dt_num,"m/d/yyyy")) ) ) ), "")} -> ASHBY, TOWN OF - 4/28/2026
B93: {=IF(SUM(COUNTIF($H93:$N93,{"*TOWN OF*","*CITY OF*"}))>0,"✓","")} -> ✓ | C93: =IF(AND($B93="",COUNTA($H93:$N93)>0),"✓","") | D93: Athol | E93: Town | F93: Worcester | G93: 5 | H93: {=IFERROR( _xlfn.LET( _xlpm.clean, _xlfn.LAMBDA(_xlpm.x, TRIM(SUBSTITUTE(_xlpm.x,CHAR(160)," "))), _xlpm.t, CLEAN($D93), _xlpm.data, _xlfn._xlws.FILTER( CHOOSE({1,2}, 'DO NOT EDIT - Client List'!$A$2:$A$346, 'DO NOT EDIT - Client List'!$E$2:$E$346), CLEAN('DO NOT EDIT - Client List'!$C$2:$C$346)=_xlpm.t ), _xlpm.k, _xlfn.SEQUENCE(6), _xlpm.nm, IFERROR(INDEX(_xlpm.data, _xlpm.k, 1), ""), _xlpm.dt_raw, IFERROR(INDEX(_xlpm.data, _xlpm.k, 2), ""), _xlpm.dt_num, IF( ISNUMBER(_xlpm.dt_raw), _xlpm.dt_raw, IFERROR(DATEVALUE(_xlpm.dt_raw), 0) ), TRANSPOSE( IF(_xlpm.nm="","", _xlpm.nm & IF(_xlpm.dt_num=0, "", " - " & TEXT(_xlpm.dt_num,"m/d/yyyy")) ) ) ), "")} -> ATHOL, TOWN OF - 2/18/2026
B94: {=IF(SUM(COUNTIF($H94:$N94,{"*TOWN OF*","*CITY OF*"}))>0,"✓","")} -> ✓ | C94: =IF(AND($B94="",COUNTA($H94:$N94)>0),"✓","") | D94: Barre | E94: Town | F94: Worcester | G94: 5 | H94: {=IFERROR( _xlfn.LET( _xlpm.clean, _xlfn.LAMBDA(_xlpm.x, TRIM(SUBSTITUTE(_xlpm.x,CHAR(160)," "))), _xlpm.t, CLEAN($D94), _xlpm.data, _xlfn._xlws.FILTER( CHOOSE({1,2}, 'DO NOT EDIT - Client List'!$A$2:$A$346, 'DO NOT EDIT - Client List'!$E$2:$E$346), CLEAN('DO NOT EDIT - Client List'!$C$2:$C$346)=_xlpm.t ), _xlpm.k, _xlfn.SEQUENCE(6), _xlpm.nm, IFERROR(INDEX(_xlpm.data, _xlpm.k, 1), ""), _xlpm.dt_raw, IFERROR(INDEX(_xlpm.data, _xlpm.k, 2), ""), _xlpm.dt_num, IF( ISNUMBER(_xlpm.dt_raw), _xlpm.dt_raw, IFERROR(DATEVALUE(_xlpm.dt_raw), 0) ), TRANSPOSE( IF(_xlpm.nm="","", _xlpm.nm & IF(_xlpm.dt_num=0, "", " - " & TEXT(_xlpm.dt_num,"m/d/yyyy")) ) ) ), "")} -> BARRE, TOWN OF - 6/9/2026
B95: {=IF(SUM(COUNTIF($H95:$N95,{"*TOWN OF*","*CITY OF*"}))>0,"✓","")} -> ✓ | C95: =IF(AND($B95="",COUNTA($H95:$N95)>0),"✓","") | D95: Fitchburg | E95: City | F95: Worcester | G95: 5 | H95: {=IFERROR( _xlfn.LET( _xlpm.clean, _xlfn.LAMBDA(_xlpm.x, TRIM(SUBSTITUTE(_xlpm.x,CHAR(160)," "))), _xlpm.t, CLEAN($D95), _xlpm.data, _xlfn._xlws.FILTER( CHOOSE({1,2}, 'DO NOT EDIT - Client List'!$A$2:$A$346, 'DO NOT EDIT - Client List'!$E$2:$E$346), CLEAN('DO NOT EDIT - Client List'!$C$2:$C$346)=_xlpm.t ), _xlpm.k, _xlfn.SEQUENCE(6), _xlpm.nm, IFERROR(INDEX(_xlpm.data, _xlpm.k, 1), ""), _xlpm.dt_raw, IFERROR(INDEX(_xlpm.data, _xlpm.k, 2), ""), _xlpm.dt_num, IF( ISNUMBER(_xlpm.dt_raw), _xlpm.dt_raw, IFERROR(DATEVALUE(_xlpm.dt_raw), 0) ), TRANSPOSE( IF(_xlpm.nm="","", _xlpm.nm & IF(_xlpm.dt_num=0, "", " - " & TEXT(_xlpm.dt_num,"m/d/yyyy")) ) ) ), "")} -> FITCHBURG, CITY OF - 3/16/2026
B96: {=IF(SUM(COUNTIF($H96:$N96,{"*TOWN OF*","*CITY OF*"}))>0,"✓","")} -> ✓ | C96: =IF(AND($B96="",COUNTA($H96:$N96)>0),"✓","") | D96: Gardner | E96: City | F96: Worcester | G96: 5 | H96: {=IFERROR( _xlfn.LET( _xlpm.clean, _xlfn.LAMBDA(_xlpm.x, TRIM(SUBSTITUTE(_xlpm.x,CHAR(160)," "))), _xlpm.t, CLEAN($D96), _xlpm.data, _xlfn._xlws.FILTER( CHOOSE({1,2}, 'DO NOT EDIT - Client List'!$A$2:$A$346, 'DO NOT EDIT - Client List'!$E$2:$E$346), CLEAN('DO NOT EDIT - Client List'!$C$2:$C$346)=_xlpm.t ), _xlpm.k, _xlfn.SEQUENCE(6), _xlpm.nm, IFERROR(INDEX(_xlpm.data, _xlpm.k, 1), ""), _xlpm.dt_raw, IFERROR(INDEX(_xlpm.data, _xlpm.k, 2), ""), _xlpm.dt_num, IF( ISNUMBER(_xlpm.dt_raw), _xlpm.dt_raw, IFERROR(DATEVALUE(_xlpm.dt_raw), 0) ), TRANSPOSE( IF(_xlpm.nm="","", _xlpm.nm & IF(_xlpm.dt_num=0, "", " - " & TEXT(_xlpm.dt_num,"m/d/yyyy")) ) ) ), "")} -> GARDNER, CITY OF - 3/25/2026
B97: {=IF(SUM(COUNTIF($H97:$N97,{"*TOWN OF*","*CITY OF*"}))>0,"✓","")} -> ✓ | C97: =IF(AND($B97="",COUNTA($H97:$N97)>0),"✓","") | D97: Hardwick | E97: Town | F97: Worcester | G97: 5 | H97: {=IFERROR( _xlfn.LET( _xlpm.clean, _xlfn.LAMBDA(_xlpm.x, TRIM(SUBSTITUTE(_xlpm.x,CHAR(160)," "))), _xlpm.t, CLEAN($D97), _xlpm.data, _xlfn._xlws.FILTER( CHOOSE({1,2}, 'DO NOT EDIT - Client List'!$A$2:$A$346, 'DO NOT EDIT - Client List'!$E$2:$E$346), CLEAN('DO NOT EDIT - Client List'!$C$2:$C$346)=_xlpm.t ), _xlpm.k, _xlfn.SEQUENCE(6), _xlpm.nm, IFERROR(INDEX(_xlpm.data, _xlpm.k, 1), ""), _xlpm.dt_raw, IFERROR(INDEX(_xlpm.data, _xlpm.k, 2), ""), _xlpm.dt_num, IF( ISNUMBER(_xlpm.dt_raw), _xlpm.dt_raw, IFERROR(DATEVALUE(_xlpm.dt_raw), 0) ), TRANSPOSE( IF(_xlpm.nm="","", _xlpm.nm & IF(_xlpm.dt_num=0, "", " - " & TEXT(_xlpm.dt_num,"m/d/yyyy")) ) ) ), "")} -> HARDWICK, TOWN OF - 3/18/2026
B98: {=IF(SUM(COUNTIF($H98:$N98,{"*TOWN OF*","*CITY OF*"}))>0,"✓","")} -> ✓ | C98: =IF(AND($B98="",COUNTA($H98:$N98)>0),"✓","") | D98: Hubbardston | E98: Town | F98: Worcester | G98: 5 | H98: {=IFERROR( _xlfn.LET( _xlpm.clean, _xlfn.LAMBDA(_xlpm.x, TRIM(SUBSTITUTE(_xlpm.x,CHAR(160)," "))), _xlpm.t, CLEAN($D98), _xlpm.data, _xlfn._xlws.FILTER( CHOOSE({1,2}, 'DO NOT EDIT - Client List'!$A$2:$A$346, 'DO NOT EDIT - Client List'!$E$2:$E$346), CLEAN('DO NOT EDIT - Client List'!$C$2:$C$346)=_xlpm.t ), _xlpm.k, _xlfn.SEQUENCE(6), _xlpm.nm, IFERROR(INDEX(_xlpm.data, _xlpm.k, 1), ""), _xlpm.dt_raw, IFERROR(INDEX(_xlpm.data, _xlpm.k, 2), ""), _xlpm.dt_num, IF( ISNUMBER(_xlpm.dt_raw), _xlpm.dt_raw, IFERROR(DATEVALUE(_xlpm.dt_raw), 0) ), TRANSPOSE( IF(_xlpm.nm="","", _xlpm.nm & IF(_xlpm.dt_num=0, "", " - " & TEXT(_xlpm.dt_num,"m/d/yyyy")) ) ) ), "")} -> HUBBARDSTON, TOWN OF - 3/18/2026
B99: {=IF(SUM(COUNTIF($H99:$N99,{"*TOWN OF*","*CITY OF*"}))>0,"✓","")} -> ✓ | C99: =IF(AND($B99="",COUNTA($H99:$N99)>0),"✓","") | D99: Leominster | E99: City | F99: Worcester | G99: 5 | H99: {=IFERROR( _xlfn.LET( _xlpm.clean, _xlfn.LAMBDA(_xlpm.x, TRIM(SUBSTITUTE(_xlpm.x,CHAR(160)," "))), _xlpm.t, CLEAN($D99), _xlpm.data, _xlfn._xlws.FILTER( CHOOSE({1,2}, 'DO NOT EDIT - Client List'!$A$2:$A$346, 'DO NOT EDIT - Client List'!$E$2:$E$346), CLEAN('DO NOT EDIT - Client List'!$C$2:$C$346)=_xlpm.t ), _xlpm.k, _xlfn.SEQUENCE(6), _xlpm.nm, IFERROR(INDEX(_xlpm.data, _xlpm.k, 1), ""), _xlpm.dt_raw, IFERROR(INDEX(_xlpm.data, _xlpm.k, 2), ""), _xlpm.dt_num, IF( ISNUMBER(_xlpm.dt_raw), _xlpm.dt_raw, IFERROR(DATEVALUE(_xlpm.dt_raw), 0) ), TRANSPOSE( IF(_xlpm.nm="","", _xlpm.nm & IF(_xlpm.dt_num=0, "", " - " & TEXT(_xlpm.dt_num,"m/d/yyyy")) ) ) ), "")} -> LEOMINSTER, CITY OF
B100: {=IF(SUM(COUNTIF($H100:$N100,{"*TOWN OF*","*CITY OF*"}))>0,"✓","")} -> ✓ | C100: =IF(AND($B100="",COUNTA($H100:$N100)>0),"✓","") | D100: Lunenburg | E100: Town | F100: Worcester | G100: 5 | H100: {=IFERROR( _xlfn.LET( _xlpm.clean, _xlfn.LAMBDA(_xlpm.x, TRIM(SUBSTITUTE(_xlpm.x,CHAR(160)," "))), _xlpm.t, CLEAN($D100), _xlpm.data, _xlfn._xlws.FILTER( CHOOSE({1,2}, 'DO NOT EDIT - Client List'!$A$2:$A$346, 'DO NOT EDIT - Client List'!$E$2:$E$346), CLEAN('DO NOT EDIT - Client List'!$C$2:$C$346)=_xlpm.t ), _xlpm.k, _xlfn.SEQUENCE(6), _xlpm.nm, IFERROR(INDEX(_xlpm.data, _xlpm.k, 1), ""), _xlpm.dt_raw, IFERROR(INDEX(_xlpm.data, _xlpm.k, 2), ""), _xlpm.dt_num, IF( ISNUMBER(_xlpm.dt_raw), _xlpm.dt_raw, IFERROR(DATEVALUE(_xlpm.dt_raw), 0) ), TRANSPOSE( IF(_xlpm.nm="","", _xlpm.nm & IF(_xlpm.dt_num=0, "", " - " & TEXT(_xlpm.dt_num,"m/d/yyyy")) ) ) ), "")} -> LUNENBURG, TOWN OF
B101: {=IF(SUM(COUNTIF($H101:$N101,{"*TOWN OF*","*CITY OF*"}))>0,"✓","")} | C101: =IF(AND($B101="",COUNTA($H101:$N101)>0),"✓","") -> ✓ | D101: New Braintree | E101: Town | F101: Worcester | G101: 5 | H101: {=IFERROR( _xlfn.LET( _xlpm.clean, _xlfn.LAMBDA(_xlpm.x, TRIM(SUBSTITUTE(_xlpm.x,CHAR(160)," "))), _xlpm.t, CLEAN($D101), _xlpm.data, _xlfn._xlws.FILTER( CHOOSE({1,2}, 'DO NOT EDIT - Client List'!$A$2:$A$346, 'DO NOT EDIT - Client List'!$E$2:$E$346), CLEAN('DO NOT EDIT - Client List'!$C$2:$C$346)=_xlpm.t ), _xlpm.k, _xlfn.SEQUENCE(6), _xlpm.nm, IFERROR(INDEX(_xlpm.data, _xlpm.k, 1), ""), _xlpm.dt_raw, IFERROR(INDEX(_xlpm.data, _xlpm.k, 2), ""), _xlpm.dt_num, IF( ISNUMBER(_xlpm.dt_raw), _xlpm.dt_raw, IFERROR(DATEVALUE(_xlpm.dt_raw), 0) ), TRANSPOSE( IF(_xlpm.nm="","", _xlpm.nm & IF(_xlpm.dt_num=0, "", " - " & TEXT(_xlpm.dt_num,"m/d/yyyy")) ) ) ), "")}
B102: {=IF(SUM(COUNTIF($H102:$N102,{"*TOWN OF*","*CITY OF*"}))>0,"✓","")} | C102: =IF(AND($B102="",COUNTA($H102:$N102)>0),"✓","") -> ✓ | D102: North Brookfield | E102: Town | F102: Worcester | G102: 5 | H102: {=IFERROR( _xlfn.LET( _xlpm.clean, _xlfn.LAMBDA(_xlpm.x, TRIM(SUBSTITUTE(_xlpm.x,CHAR(160)," "))), _xlpm.t, CLEAN($D102), _xlpm.data, _xlfn._xlws.FILTER( CHOOSE({1,2}, 'DO NOT EDIT - Client List'!$A$2:$A$346, 'DO NOT EDIT - Client List'!$E$2:$E$346), CLEAN('DO NOT EDIT - Client List'!$C$2:$C$346)=_xlpm.t ), _xlpm.k, _xlfn.SEQUENCE(6), _xlpm.nm, IFERROR(INDEX(_xlpm.data, _xlpm.k, 1), ""), _xlpm.dt_raw, IFERROR(INDEX(_xlpm.data, _xlpm.k, 2), ""), _xlpm.dt_num, IF( ISNUMBER(_xlpm.dt_raw), _xlpm.dt_raw, IFERROR(DATEVALUE(_xlpm.dt_raw), 0) ), TRANSPOSE( IF(_xlpm.nm="","", _xlpm.nm & IF(_xlpm.dt_num=0, "", " - " & TEXT(_xlpm.dt_num,"m/d/yyyy")) ) ) ), "")}
... B106: {=IF(SUM(COUNTIF($H106:$N106,{"*TOWN OF*","*CITY OF*"}))>0,"✓","")} -> ✓ | C106: =IF(AND($B106="",COUNTA($H106:$N106)>0),"✓","") | D106: Phillipston | E106: Town | F106: Worcester | G106: 5 | H106: {=IFERROR( _xlfn.LET( _xlpm.clean, _xlfn.LAMBDA(_xlpm.x, TRIM(SUBSTITUTE(_xlpm.x,CHAR(160)," "))), _xlpm.t, CLEAN($D106), _xlpm.data, _xlfn._xlws.FILTER( CHOOSE({1,2}, 'DO NOT EDIT - Client List'!$A$2:$A$346, 'DO NOT EDIT - Client List'!$E$2:$E$346), CLEAN('DO NOT EDIT - Client List'!$C$2:$C$346)=_xlpm.t ), _xlpm.k, _xlfn.SEQUENCE(6), _xlpm.nm, IFERROR(INDEX(_xlpm.data, _xlpm.k, 1), ""), _xlpm.dt_raw, IFERROR(INDEX(_xlpm.data, _xlpm.k, 2), ""), _xlpm.dt_num, IF( ISNUMBER(_xlpm.dt_raw), _xlpm.dt_raw, IFERROR(DATEVALUE(_xlpm.dt_raw), 0) ), TRANSPOSE( IF(_xlpm.nm="","", _xlpm.nm & IF(_xlpm.dt_num=0, "", " - " & TEXT(_xlpm.dt_num,"m/d/yyyy")) ) ) ), "")} -> PHILLIPSTON, TOWN OF - 5/20/2026
B107: {=IF(SUM(COUNTIF($H107:$N107,{"*TOWN OF*","*CITY OF*"}))>0,"✓","")} -> ✓ | C107: =IF(AND($B107="",COUNTA($H107:$N107)>0),"✓","") | D107: Princeton | E107: Town | F107: Worcester | G107: 5 | H107: {=IFERROR( _xlfn.LET( _xlpm.clean, _xlfn.LAMBDA(_xlpm.x, TRIM(SUBSTITUTE(_xlpm.x,CHAR(160)," "))), _xlpm.t, CLEAN($D107), _xlpm.data, _xlfn._xlws.FILTER( CHOOSE({1,2}, 'DO NOT EDIT - Client List'!$A$2:$A$346, 'DO NOT EDIT - Client List'!$E$2:$E$346), CLEAN('DO NOT EDIT - Client List'!$C$2:$C$346)=_xlpm.t ), _xlpm.k, _xlfn.SEQUENCE(6), _xlpm.nm, IFERROR(INDEX(_xlpm.data, _xlpm.k, 1), ""), _xlpm.dt_raw, IFERROR(INDEX(_xlpm.data, _xlpm.k, 2), ""), _xlpm.dt_num, IF( ISNUMBER(_xlpm.dt_raw), _xlpm.dt_raw, IFERROR(DATEVALUE(_xlpm.dt_raw), 0) ), TRANSPOSE( IF(_xlpm.nm="","", _xlpm.nm & IF(_xlpm.dt_num=0, "", " - " & TEXT(_xlpm.dt_num,"m/d/yyyy")) ) ) ), "")} -> PRINCETON, TOWN OF - 1/28/2026 | I107: PRINCETON TRUSTEES
B108: {=IF(SUM(COUNTIF($H108:$N108,{"*TOWN OF*","*CITY OF*"}))>0,"✓","")} | C108: =IF(AND($B108="",COUNTA($H108:$N108)>0),"✓","") -> ✓ | D108: Royalston | E108: Town | F108: Worcester | G108: 5 | H108: {=IFERROR( _xlfn.LET( _xlpm.clean, _xlfn.LAMBDA(_xlpm.x, TRIM(SUBSTITUTE(_xlpm.x,CHAR(160)," "))), _xlpm.t, CLEAN($D108), _xlpm.data, _xlfn._xlws.FILTER( CHOOSE({1,2}, 'DO NOT EDIT - Client List'!$A$2:$A$346, 'DO NOT EDIT - Client List'!$E$2:$E$346), CLEAN('DO NOT EDIT - Client List'!$C$2:$C$346)=_xlpm.t ), _xlpm.k, _xlfn.SEQUENCE(6), _xlpm.nm, IFERROR(INDEX(_xlpm.data, _xlpm.k, 1), ""), _xlpm.dt_raw, IFERROR(INDEX(_xlpm.data, _xlpm.k, 2), ""), _xlpm.dt_num, IF( ISNUMBER(_xlpm.dt_raw), _xlpm.dt_raw, IFERROR(DATEVALUE(_xlpm.dt_raw), 0) ), TRANSPOSE( IF(_xlpm.nm="","", _xlpm.nm & IF(_xlpm.dt_num=0, "", " - " & TEXT(_xlpm.dt_num,"m/d/yyyy")) ) ) ), "")}
B109: {=IF(SUM(COUNTIF($H109:$N109,{"*TOWN OF*","*CITY OF*"}))>0,"✓","")} -> ✓ | C109: =IF(AND($B109="",COUNTA($H109:$N109)>0),"✓","") | D109: Shirley | E109: Town | F109: Middlesex | G109: 5 | H109: {=IFERROR( _xlfn.LET( _xlpm.clean, _xlfn.LAMBDA(_xlpm.x, TRIM(SUBSTITUTE(_xlpm.x,CHAR(160)," "))), _xlpm.t, CLEAN($D109), _xlpm.data, _xlfn._xlws.FILTER( CHOOSE({1,2}, 'DO NOT EDIT - Client List'!$A$2:$A$346, 'DO NOT EDIT - Client List'!$E$2:$E$346), CLEAN('DO NOT EDIT - Client List'!$C$2:$C$346)=_xlpm.t ), _xlpm.k, _xlfn.SEQUENCE(6), _xlpm.nm, IFERROR(INDEX(_xlpm.data, _xlpm.k, 1), ""), _xlpm.dt_raw, IFERROR(INDEX(_xlpm.data, _xlpm.k, 2), ""), _xlpm.dt_num, IF( ISNUMBER(_xlpm.dt_raw), _xlpm.dt_raw, IFERROR(DATEVALUE(_xlpm.dt_raw), 0) ), TRANSPOSE( IF(_xlpm.nm="","", _xlpm.nm & IF(_xlpm.dt_num=0, "", " - " & TEXT(_xlpm.dt_num,"m/d/yyyy")) ) ) ), "")} -> SHIRLEY, TOWN OF - 4/2/2026
B110: {=IF(SUM(COUNTIF($H110:$N110,{"*TOWN OF*","*CITY OF*"}))>0,"✓","")} -> ✓ | C110: =IF(AND($B110="",COUNTA($H110:$N110)>0),"✓","") | D110: Templeton | E110: Town | F110: Worcester | G110: 5 | H110: {=IFERROR( _xlfn.LET( _xlpm.clean, _xlfn.LAMBDA(_xlpm.x, TRIM(SUBSTITUTE(_xlpm.x,CHAR(160)," "))), _xlpm.t, CLEAN($D110), _xlpm.data, _xlfn._xlws.FILTER( CHOOSE({1,2}, 'DO NOT EDIT - Client List'!$A$2:$A$346, 'DO NOT EDIT - Client List'!$E$2:$E$346), CLEAN('DO NOT EDIT - Client List'!$C$2:$C$346)=_xlpm.t ), _xlpm.k, _xlfn.SEQUENCE(6), _xlpm.nm, IFERROR(INDEX(_xlpm.data, _xlpm.k, 1), ""), _xlpm.dt_raw, IFERROR(INDEX(_xlpm.data, _xlpm.k, 2), ""), _xlpm.dt_num, IF( ISNUMBER(_xlpm.dt_raw), _xlpm.dt_raw, IFERROR(DATEVALUE(_xlpm.dt_raw), 0) ), TRANSPOSE( IF(_xlpm.nm="","", _xlpm.nm & IF(_xlpm.dt_num=0, "", " - " & TEXT(_xlpm.dt_num,"m/d/yyyy")) ) ) ), "")} -> TEMPLETON, TOWN OF - 7/14/2026 | I110: NARRAGANSETT RSD
B111: {=IF(SUM(COUNTIF($H111:$N111,{"*TOWN OF*","*CITY OF*"}))>0,"✓","")} -> ✓ | C111: =IF(AND($B111="",COUNTA($H111:$N111)>0),"✓","") | D111: Townsend | E111: Town | F111: Middlesex | G111: 5 | H111: {=IFERROR( _xlfn.LET( _xlpm.clean, _xlfn.LAMBDA(_xlpm.x, TRIM(SUBSTITUTE(_xlpm.x,CHAR(160)," "))), _xlpm.t, CLEAN($D111), _xlpm.data, _xlfn._xlws.FILTER( CHOOSE({1,2}, 'DO NOT EDIT - Client List'!$A$2:$A$346, 'DO NOT EDIT - Client List'!$E$2:$E$346), CLEAN('DO NOT EDIT - Client List'!$C$2:$C$346)=_xlpm.t ), _xlpm.k, _xlfn.SEQUENCE(6), _xlpm.nm, IFERROR(INDEX(_xlpm.data, _xlpm.k, 1), ""), _xlpm.dt_raw, IFERROR(INDEX(_xlpm.data, _xlpm.k, 2), ""), _xlpm.dt_num, IF( ISNUMBER(_xlpm.dt_raw), _xlpm.dt_raw, IFERROR(DATEVALUE(_xlpm.dt_raw), 0) ), TRANSPOSE( IF(_xlpm.nm="","", _xlpm.nm & IF(_xlpm.dt_num=0, "", " - " & TEXT(_xlpm.dt_num,"m/d/yyyy")) ) ) ), "")} -> TOWNSEND, TOWN OF - 4/2/2026 | I111: NORTH MIDDLESEX RSD - 6/1/2026
B112: {=IF(SUM(COUNTIF($H112:$N112,{"*TOWN OF*","*CITY OF*"}))>0,"✓","")} -> ✓ | C112: =IF(AND($B112="",COUNTA($H112:$N112)>0),"✓","") | D112: Westminster | E112: Town | F112: Worcester | G112: 5 | H112: {=IFERROR( _xlfn.LET( _xlpm.clean, _xlfn.LAMBDA(_xlpm.x, TRIM(SUBSTITUTE(_xlpm.x,CHAR(160)," "))), _xlpm.t, CLEAN($D112), _xlpm.data, _xlfn._xlws.FILTER( CHOOSE({1,2}, 'DO NOT EDIT - Client List'!$A$2:$A$346, 'DO NOT EDIT - Client List'!$E$2:$E$346), CLEAN('DO NOT EDIT - Client List'!$C$2:$C$346)=_xlpm.t ), _xlpm.k, _xlfn.SEQUENCE(6), _xlpm.nm, IFERROR(INDEX(_xlpm.data, _xlpm.k, 1), ""), _xlpm.dt_raw, IFERROR(INDEX(_xlpm.data, _xlpm.k, 2), ""), _xlpm.dt_num, IF( ISNUMBER(_xlpm.dt_raw), _xlpm.dt_raw, IFERROR(DATEVALUE(_xlpm.dt_raw), 0) ), TRANSPOSE( IF(_xlpm.nm="","", _xlpm.nm & IF(_xlpm.dt_num=0, "", " - " & TEXT(_xlpm.dt_num,"m/d/yyyy")) ) ) ), "")} -> WESTMINSTER, TOWN OF - 4/2/2026
B113: {=IF(SUM(COUNTIF($H113:$N113,{"*TOWN OF*","*CITY OF*"}))>0,"✓","")} -> ✓ | C113: =IF(AND($B113="",COUNTA($H113:$N113)>0),"✓","") | D113: Winchendon | E113: Town | F113: Worcester | G113: 5 | H113: {=IFERROR( _xlfn.LET( _xlpm.clean, _xlfn.LAMBDA(_xlpm.x, TRIM(SUBSTITUTE(_xlpm.x,CHAR(160)," "))), _xlpm.t, CLEAN($D113), _xlpm.data, _xlfn._xlws.FILTER( CHOOSE({1,2}, 'DO NOT EDIT - Client List'!$A$2:$A$346, 'DO NOT EDIT - Client List'!$E$2:$E$346), CLEAN('DO NOT EDIT - Client List'!$C$2:$C$346)=_xlpm.t ), _xlpm.k, _xlfn.SEQUENCE(6), _xlpm.nm, IFERROR(INDEX(_xlpm.data, _xlpm.k, 1), ""), _xlpm.dt_raw, IFERROR(INDEX(_xlpm.data, _xlpm.k, 2), ""), _xlpm.dt_num, IF( ISNUMBER(_xlpm.dt_raw), _xlpm.dt_raw, IFERROR(DATEVALUE(_xlpm.dt_raw), 0) ), TRANSPOSE( IF(_xlpm.nm="","", _xlpm.nm & IF(_xlpm.dt_num=0, "", " - " & TEXT(_xlpm.dt_num,"m/d/yyyy")) ) ) ), "")} -> WINCHENDON, TOWN OF - 6/3/2026
B114: {=IF(SUM(COUNTIF($H114:$N114,{"*TOWN OF*","*CITY OF*"}))>0,"✓","")} -> ✓ | C114: =IF(AND($B114="",COUNTA($H114:$N114)>0),"✓","") | D114: Rutland | E114: Town | F114: Worcester | G114: 5 | H114: {=IFERROR( _xlfn.LET( _xlpm.clean, _xlfn.LAMBDA(_xlpm.x, TRIM(SUBSTITUTE(_xlpm.x,CHAR(160)," "))), _xlpm.t, CLEAN($D114), _xlpm.data, _xlfn._xlws.FILTER( CHOOSE({1,2}, 'DO NOT EDIT - Client List'!$A$2:$A$346, 'DO NOT EDIT - Client List'!$E$2:$E$346), CLEAN('DO NOT EDIT - Client List'!$C$2:$C$346)=_xlpm.t ), _xlpm.k, _xlfn.SEQUENCE(6), _xlpm.nm, IFERROR(INDEX(_xlpm.data, _xlpm.k, 1), ""), _xlpm.dt_raw, IFERROR(INDEX(_xlpm.data, _xlpm.k, 2), ""), _xlpm.dt_num, IF( ISNUMBER(_xlpm.dt_raw), _xlpm.dt_raw, IFERROR(DATEVALUE(_xlpm.dt_raw), 0) ), TRANSPOSE( IF(_xlpm.nm="","", _xlpm.nm & IF(_xlpm.dt_num=0, "", " - " & TEXT(_xlpm.dt_num,"m/d/yyyy")) ) ) ), "")} -> RUTLAND, TOWN OF - 4/27/2026 | I114: RUFUS PUTNAM | J114: FIRST CONGREGATIONAL CHURCH OF RUTLAND - 5/20/2026
B115: {=IF(SUM(COUNTIF($H115:$N115,{"*TOWN OF*","*CITY OF*"}))>0,"✓","")} -> ✓ | C115: =IF(AND($B115="",COUNTA($H115:$N115)>0),"✓","") | D115: Belchertown | E115: Town | F115: Hampshire | G115: 6 | H115: {=IFERROR( _xlfn.LET( _xlpm.clean, _xlfn.LAMBDA(_xlpm.x, TRIM(SUBSTITUTE(_xlpm.x,CHAR(160)," "))), _xlpm.t, CLEAN($D115), _xlpm.data, _xlfn._xlws.FILTER( CHOOSE({1,2}, 'DO NOT EDIT - Client List'!$A$2:$A$346, 'DO NOT EDIT - Client List'!$E$2:$E$346), CLEAN('DO NOT EDIT - Client List'!$C$2:$C$346)=_xlpm.t ), _xlpm.k, _xlfn.SEQUENCE(6), _xlpm.nm, IFERROR(INDEX(_xlpm.data, _xlpm.k, 1), ""), _xlpm.dt_raw, IFERROR(INDEX(_xlpm.data, _xlpm.k, 2), ""), _xlpm.dt_num, IF( ISNUMBER(_xlpm.dt_raw), _xlpm.dt_raw, IFERROR(DATEVALUE(_xlpm.dt_raw), 0) ), TRANSPOSE( IF(_xlpm.nm="","", _xlpm.nm & IF(_xlpm.dt_num=0, "", " - " & TEXT(_xlpm.dt_num,"m/d/yyyy")) ) ) ), "")} -> BELCHERTOWN, TOWN OF
B116: {=IF(SUM(COUNTIF($H116:$N116,{"*TOWN OF*","*CITY OF*"}))>0,"✓","")} -> ✓ | C116: =IF(AND($B116="",COUNTA($H116:$N116)>0),"✓","") | D116: Brimfield | E116: Town | F116: Hampden | G116: 6 | H116: {=IFERROR( _xlfn.LET( _xlpm.clean, _xlfn.LAMBDA(_xlpm.x, TRIM(SUBSTITUTE(_xlpm.x,CHAR(160)," "))), _xlpm.t, CLEAN($D116), _xlpm.data, _xlfn._xlws.FILTER( CHOOSE({1,2}, 'DO NOT EDIT - Client List'!$A$2:$A$346, 'DO NOT EDIT - Client List'!$E$2:$E$346), CLEAN('DO NOT EDIT - Client List'!$C$2:$C$346)=_xlpm.t ), _xlpm.k, _xlfn.SEQUENCE(6), _xlpm.nm, IFERROR(INDEX(_xlpm.data, _xlpm.k, 1), ""), _xlpm.dt_raw, IFERROR(INDEX(_xlpm.data, _xlpm.k, 2), ""), _xlpm.dt_num, IF( ISNUMBER(_xlpm.dt_raw), _xlpm.dt_raw, IFERROR(DATEVALUE(_xlpm.dt_raw), 0) ), TRANSPOSE( IF(_xlpm.nm="","", _xlpm.nm & IF(_xlpm.dt_num=0, "", " - " & TEXT(_xlpm.dt_num,"m/d/yyyy")) ) ) ), "")} -> BRIMFIELD, TOWN OF - 3/25/2026
B117: {=IF(SUM(COUNTIF($H117:$N117,{"*TOWN OF*","*CITY OF*"}))>0,"✓","")} -> ✓ | C117: =IF(AND($B117="",COUNTA($H117:$N117)>0),"✓","") | D117: Brookfield | E117: Town | F117: Worcester | G117: 6 | H117: {=IFERROR( _xlfn.LET( _xlpm.clean, _xlfn.LAMBDA(_xlpm.x, TRIM(SUBSTITUTE(_xlpm.x,CHAR(160)," "))), _xlpm.t, CLEAN($D117), _xlpm.data, _xlfn._xlws.FILTER( CHOOSE({1,2}, 'DO NOT EDIT - Client List'!$A$2:$A$346, 'DO NOT EDIT - Client List'!$E$2:$E$346), CLEAN('DO NOT EDIT - Client List'!$C$2:$C$346)=_xlpm.t ), _xlpm.k, _xlfn.SEQUENCE(6), _xlpm.nm, IFERROR(INDEX(_xlpm.data, _xlpm.k, 1), ""), _xlpm.dt_raw, IFERROR(INDEX(_xlpm.data, _xlpm.k, 2), ""), _xlpm.dt_num, IF( ISNUMBER(_xlpm.dt_raw), _xlpm.dt_raw, IFERROR(DATEVALUE(_xlpm.dt_raw), 0) ), TRANSPOSE( IF(_xlpm.nm="","", _xlpm.nm & IF(_xlpm.dt_num=0, "", " - " & TEXT(_xlpm.dt_num,"m/d/yyyy")) ) ) ), "")} -> BROOKFIELD, TOWN OF
B118: {=IF(SUM(COUNTIF($H118:$N118,{"*TOWN OF*","*CITY OF*"}))>0,"✓","")} -> ✓ | C118: =IF(AND($B118="",COUNTA($H118:$N118)>0),"✓","") | D118: Charlton | E118: Town | F118: Worcester | G118: 6 | H118: {=IFERROR( _xlfn.LET( _xlpm.clean, _xlfn.LAMBDA(_xlpm.x, TRIM(SUBSTITUTE(_xlpm.x,CHAR(160)," "))), _xlpm.t, CLEAN($D118), _xlpm.data, _xlfn._xlws.FILTER( CHOOSE({1,2}, 'DO NOT EDIT - Client List'!$A$2:$A$346, 'DO NOT EDIT - Client List'!$E$2:$E$346), CLEAN('DO NOT EDIT - Client List'!$C$2:$C$346)=_xlpm.t ), _xlpm.k, _xlfn.SEQUENCE(6), _xlpm.nm, IFERROR(INDEX(_xlpm.data, _xlpm.k, 1), ""), _xlpm.dt_raw, IFERROR(INDEX(_xlpm.data, _xlpm.k, 2), ""), _xlpm.dt_num, IF( ISNUMBER(_xlpm.dt_raw), _xlpm.dt_raw, IFERROR(DATEVALUE(_xlpm.dt_raw), 0) ), TRANSPOSE( IF(_xlpm.nm="","", _xlpm.nm & IF(_xlpm.dt_num=0, "", " - " & TEXT(_xlpm.dt_num,"m/d/yyyy")) ) ) ), "")} -> CHARLTON, TOWN OF
B119: {=IF(SUM(COUNTIF($H119:$N119,{"*TOWN OF*","*CITY OF*"}))>0,"✓","")} -> ✓ | C119: =IF(AND($B119="",COUNTA($H119:$N119)>0),"✓","") | D119: Dudley | E119: Town | F119: Worcester | G119: 6 | H119: {=IFERROR( _xlfn.LET( _xlpm.clean, _xlfn.LAMBDA(_xlpm.x, TRIM(SUBSTITUTE(_xlpm.x,CHAR(160)," "))), _xlpm.t, CLEAN($D119), _xlpm.data, _xlfn._xlws.FILTER( CHOOSE({1,2}, 'DO NOT EDIT - Client List'!$A$2:$A$346, 'DO NOT EDIT - Client List'!$E$2:$E$346), CLEAN('DO NOT EDIT - Client List'!$C$2:$C$346)=_xlpm.t ), _xlpm.k, _xlfn.SEQUENCE(6), _xlpm.nm, IFERROR(INDEX(_xlpm.data, _xlpm.k, 1), ""), _xlpm.dt_raw, IFERROR(INDEX(_xlpm.data, _xlpm.k, 2), ""), _xlpm.dt_num, IF( ISNUMBER(_xlpm.dt_raw), _xlpm.dt_raw, IFERROR(DATEVALUE(_xlpm.dt_raw), 0) ), TRANSPOSE( IF(_xlpm.nm="","", _xlpm.nm & IF(_xlpm.dt_num=0, "", " - " & TEXT(_xlpm.dt_num,"m/d/yyyy")) ) ) ), "")} -> SOUTHERN WORCESTER COUNTY ED. COLLABORATIVE | I119: DUDLEY, TOWN OF
B120: {=IF(SUM(COUNTIF($H120:$N120,{"*TOWN OF*","*CITY OF*"}))>0,"✓","")} -> ✓ | C120: =IF(AND($B120="",COUNTA($H120:$N120)>0),"✓","") | D120: East Brookfield | E120: Town | F120: Worcester | G120: 6 | H120: {=IFERROR( _xlfn.LET( _xlpm.clean, _xlfn.LAMBDA(_xlpm.x, TRIM(SUBSTITUTE(_xlpm.x,CHAR(160)," "))), _xlpm.t, CLEAN($D120), _xlpm.data, _xlfn._xlws.FILTER( CHOOSE({1,2}, 'DO NOT EDIT - Client List'!$A$2:$A$346, 'DO NOT EDIT - Client List'!$E$2:$E$346), CLEAN('DO NOT EDIT - Client List'!$C$2:$C$346)=_xlpm.t ), _xlpm.k, _xlfn.SEQUENCE(6), _xlpm.nm, IFERROR(INDEX(_xlpm.data, _xlpm.k, 1), ""), _xlpm.dt_raw, IFERROR(INDEX(_xlpm.data, _xlpm.k, 2), ""), _xlpm.dt_num, IF( ISNUMBER(_xlpm.dt_raw), _xlpm.dt_raw, IFERROR(DATEVALUE(_xlpm.dt_raw), 0) ), TRANSPOSE( IF(_xlpm.nm="","", _xlpm.nm & IF(_xlpm.dt_num=0, "", " - " & TEXT(_xlpm.dt_num,"m/d/yyyy")) ) ) ), "")} -> EAST BROOKFIELD, TOWN OF
B121: {=IF(SUM(COUNTIF($H121:$N121,{"*TOWN OF*","*CITY OF*"}))>0,"✓","")} | C121: =IF(AND($B121="",COUNTA($H121:$N121)>0),"✓","") -> ✓ | D121: East Longmeadow | E121: City | F121: Hampden | G121: 6 | H121: {=IFERROR( _xlfn.LET( _xlpm.clean, _xlfn.LAMBDA(_xlpm.x, TRIM(SUBSTITUTE(_xlpm.x,CHAR(160)," "))), _xlpm.t, CLEAN($D121), _xlpm.data, _xlfn._xlws.FILTER( CHOOSE({1,2}, 'DO NOT EDIT - Client List'!$A$2:$A$346, 'DO NOT EDIT - Client List'!$E$2:$E$346), CLEAN('DO NOT EDIT - Client List'!$C$2:$C$346)=_xlpm.t ), _xlpm.k, _xlfn.SEQUENCE(6), _xlpm.nm, IFERROR(INDEX(_xlpm.data, _xlpm.k, 1), ""), _xlpm.dt_raw, IFERROR(INDEX(_xlpm.data, _xlpm.k, 2), ""), _xlpm.dt_num, IF( ISNUMBER(_xlpm.dt_raw), _xlpm.dt_raw, IFERROR(DATEVALUE(_xlpm.dt_raw), 0) ), TRANSPOSE( IF(_xlpm.nm="","", _xlpm.nm & IF(_xlpm.dt_num=0, "", " - " & TEXT(_xlpm.dt_num,"m/d/yyyy")) ) ) ), "")}
B122: {=IF(SUM(COUNTIF($H122:$N122,{"*TOWN OF*","*CITY OF*"}))>0,"✓","")} | C122: =IF(AND($B122="",COUNTA($H122:$N122)>0),"✓","") -> ✓ | D122: Granby | E122: Town | F122: Hampshire | G122: 6 | H122: {=IFERROR( _xlfn.LET( _xlpm.clean, _xlfn.LAMBDA(_xlpm.x, TRIM(SUBSTITUTE(_xlpm.x,CHAR(160)," "))), _xlpm.t, CLEAN($D122), _xlpm.data, _xlfn._xlws.FILTER( CHOOSE({1,2}, 'DO NOT EDIT - Client List'!$A$2:$A$346, 'DO NOT EDIT - Client List'!$E$2:$E$346), CLEAN('DO NOT EDIT - Client List'!$C$2:$C$346)=_xlpm.t ), _xlpm.k, _xlfn.SEQUENCE(6), _xlpm.nm, IFERROR(INDEX(_xlpm.data, _xlpm.k, 1), ""), _xlpm.dt_raw, IFERROR(INDEX(_xlpm.data, _xlpm.k, 2), ""), _xlpm.dt_num, IF( ISNUMBER(_xlpm.dt_raw), _xlpm.dt_raw, IFERROR(DATEVALUE(_xlpm.dt_raw), 0) ), TRANSPOSE( IF(_xlpm.nm="","", _xlpm.nm & IF(_xlpm.dt_num=0, "", " - " & TEXT(_xlpm.dt_num,"m/d/yyyy")) ) ) ), "")}
B123: {=IF(SUM(COUNTIF($H123:$N123,{"*TOWN OF*","*CITY OF*"}))>0,"✓","")} | C123: =IF(AND($B123="",COUNTA($H123:$N123)>0),"✓","") -> ✓ | D123: Hampden | E123: Town | F123: Hampden | G123: 6 | H123: {=IFERROR( _xlfn.LET( _xlpm.clean, _xlfn.LAMBDA(_xlpm.x, TRIM(SUBSTITUTE(_xlpm.x,CHAR(160)," "))), _xlpm.t, CLEAN($D123), _xlpm.data, _xlfn._xlws.FILTER( CHOOSE({1,2}, 'DO NOT EDIT - Client List'!$A$2:$A$346, 'DO NOT EDIT - Client List'!$E$2:$E$346), CLEAN('DO NOT EDIT - Client List'!$C$2:$C$346)=_xlpm.t ), _xlpm.k, _xlfn.SEQUENCE(6), _xlpm.nm, IFERROR(INDEX(_xlpm.data, _xlpm.k, 1), ""), _xlpm.dt_raw, IFERROR(INDEX(_xlpm.data, _xlpm.k, 2), ""), _xlpm.dt_num, IF( ISNUMBER(_xlpm.dt_raw), _xlpm.dt_raw, IFERROR(DATEVALUE(_xlpm.dt_raw), 0) ), TRANSPOSE( IF(_xlpm.nm="","", _xlpm.nm & IF(_xlpm.dt_num=0, "", " - " & TEXT(_xlpm.dt_num,"m/d/yyyy")) ) ) ), "")}
B124: {=IF(SUM(COUNTIF($H124:$N124,{"*TOWN OF*","*CITY OF*"}))>0,"✓","")} -> ✓ | C124: =IF(AND($B124="",COUNTA($H124:$N124)>0),"✓","") | D124: Holland | E124: Town | F124: Hampden | G124: 6 | H124: {=IFERROR( _xlfn.LET( _xlpm.clean, _xlfn.LAMBDA(_xlpm.x, TRIM(SUBSTITUTE(_xlpm.x,CHAR(160)," "))), _xlpm.t, CLEAN($D124), _xlpm.data, _xlfn._xlws.FILTER( CHOOSE({1,2}, 'DO NOT EDIT - Client List'!$A$2:$A$346, 'DO NOT EDIT - Client List'!$E$2:$E$346), CLEAN('DO NOT EDIT - Client List'!$C$2:$C$346)=_xlpm.t ), _xlpm.k, _xlfn.SEQUENCE(6), _xlpm.nm, IFERROR(INDEX(_xlpm.data, _xlpm.k, 1), ""), _xlpm.dt_raw, IFERROR(INDEX(_xlpm.data, _xlpm.k, 2), ""), _xlpm.dt_num, IF( ISNUMBER(_xlpm.dt_raw), _xlpm.dt_raw, IFERROR(DATEVALUE(_xlpm.dt_raw), 0) ), TRANSPOSE( IF(_xlpm.nm="","", _xlpm.nm & IF(_xlpm.dt_num=0, "", " - " & TEXT(_xlpm.dt_num,"m/d/yyyy")) ) ) ), "")} -> HOLLAND, TOWN OF
B125: {=IF(SUM(COUNTIF($H125:$N125,{"*TOWN OF*","*CITY OF*"}))>0,"✓","")} -> ✓ | C125: =IF(AND($B125="",COUNTA($H125:$N125)>0),"✓","") | D125: Ludlow | E125: Town | F125: Hampden | G125: 6 | H125: {=IFERROR( _xlfn.LET( _xlpm.clean, _xlfn.LAMBDA(_xlpm.x, TRIM(SUBSTITUTE(_xlpm.x,CHAR(160)," "))), _xlpm.t, CLEAN($D125), _xlpm.data, _xlfn._xlws.FILTER( CHOOSE({1,2}, 'DO NOT EDIT - Client List'!$A$2:$A$346, 'DO NOT EDIT - Client List'!$E$2:$E$346), CLEAN('DO NOT EDIT - Client List'!$C$2:$C$346)=_xlpm.t ), _xlpm.k, _xlfn.SEQUENCE(6), _xlpm.nm, IFERROR(INDEX(_xlpm.data, _xlpm.k, 1), ""), _xlpm.dt_raw, IFERROR(INDEX(_xlpm.data, _xlpm.k, 2), ""), _xlpm.dt_num, IF( ISNUMBER(_xlpm.dt_raw), _xlpm.dt_raw, IFERROR(DATEVALUE(_xlpm.dt_raw), 0) ), TRANSPOSE( IF(_xlpm.nm="","", _xlpm.nm & IF(_xlpm.dt_num=0, "", " - " & TEXT(_xlpm.dt_num,"m/d/yyyy")) ) ) ), "")} -> LUDLOW, TOWN OF
B126: {=IF(SUM(COUNTIF($H126:$N126,{"*TOWN OF*","*CITY OF*"}))>0,"✓","")} -> ✓ | C126: =IF(AND($B126="",COUNTA($H126:$N126)>0),"✓","") | D126: Monson | E126: Town | F126: Hampden | G126: 6 | H126: {=IFERROR( _xlfn.LET( _xlpm.clean, _xlfn.LAMBDA(_xlpm.x, TRIM(SUBSTITUTE(_xlpm.x,CHAR(160)," "))), _xlpm.t, CLEAN($D126), _xlpm.data, _xlfn._xlws.FILTER( CHOOSE({1,2}, 'DO NOT EDIT - Client List'!$A$2:$A$346, 'DO NOT EDIT - Client List'!$E$2:$E$346), CLEAN('DO NOT EDIT - Client List'!$C$2:$C$346)=_xlpm.t ), _xlpm.k, _xlfn.SEQUENCE(6), _xlpm.nm, IFERROR(INDEX(_xlpm.data, _xlpm.k, 1), ""), _xlpm.dt_raw, IFERROR(INDEX(_xlpm.data, _xlpm.k, 2), ""), _xlpm.dt_num, IF( ISNUMBER(_xlpm.dt_raw), _xlpm.dt_raw, IFERROR(DATEVALUE(_xlpm.dt_raw), 0) ), TRANSPOSE( IF(_xlpm.nm="","", _xlpm.nm & IF(_xlpm.dt_num=0, "", " - " & TEXT(_xlpm.dt_num,"m/d/yyyy")) ) ) ), "")} -> MONSON, TOWN OF
B127: {=IF(SUM(COUNTIF($H127:$N127,{"*TOWN OF*","*CITY OF*"}))>0,"✓","")} -> ✓ | C127: =IF(AND($B127="",COUNTA($H127:$N127)>0),"✓","") | D127: Palmer | E127: City | F127: Hampden | G127: 6 | H127: {=IFERROR( _xlfn.LET( _xlpm.clean, _xlfn.LAMBDA(_xlpm.x, TRIM(SUBSTITUTE(_xlpm.x,CHAR(160)," "))), _xlpm.t, CLEAN($D127), _xlpm.data, _xlfn._xlws.FILTER( CHOOSE({1,2}, 'DO NOT EDIT - Client List'!$A$2:$A$346, 'DO NOT EDIT - Client List'!$E$2:$E$346), CLEAN('DO NOT EDIT - Client List'!$C$2:$C$346)=_xlpm.t ), _xlpm.k, _xlfn.SEQUENCE(6), _xlpm.nm, IFERROR(INDEX(_xlpm.data, _xlpm.k, 1), ""), _xlpm.dt_raw, IFERROR(INDEX(_xlpm.data, _xlpm.k, 2), ""), _xlpm.dt_num, IF( ISNUMBER(_xlpm.dt_raw), _xlpm.dt_raw, IFERROR(DATEVALUE(_xlpm.dt_raw), 0) ), TRANSPOSE( IF(_xlpm.nm="","", _xlpm.nm & IF(_xlpm.dt_num=0, "", " - " & TEXT(_xlpm.dt_num,"m/d/yyyy")) ) ) ), "")} -> PALMER, TOWN OF
B128: {=IF(SUM(COUNTIF($H128:$N128,{"*TOWN OF*","*CITY OF*"}))>0,"✓","")} -> ✓ | C128: =IF(AND($B128="",COUNTA($H128:$N128)>0),"✓","") | D128: Southbridge | E128: City | F128: Worcester | G128: 6 | H128: {=IFERROR( _xlfn.LET( _xlpm.clean, _xlfn.LAMBDA(_xlpm.x, TRIM(SUBSTITUTE(_xlpm.x,CHAR(160)," "))), _xlpm.t, CLEAN($D128), _xlpm.data, _xlfn._xlws.FILTER( CHOOSE({1,2}, 'DO NOT EDIT - Client List'!$A$2:$A$346, 'DO NOT EDIT - Client List'!$E$2:$E$346), CLEAN('DO NOT EDIT - Client List'!$C$2:$C$346)=_xlpm.t ), _xlpm.k, _xlfn.SEQUENCE(6), _xlpm.nm, IFERROR(INDEX(_xlpm.data, _xlpm.k, 1), ""), _xlpm.dt_raw, IFERROR(INDEX(_xlpm.data, _xlpm.k, 2), ""), _xlpm.dt_num, IF( ISNUMBER(_xlpm.dt_raw), _xlpm.dt_raw, IFERROR(DATEVALUE(_xlpm.dt_raw), 0) ), TRANSPOSE( IF(_xlpm.nm="","", _xlpm.nm & IF(_xlpm.dt_num=0, "", " - " & TEXT(_xlpm.dt_num,"m/d/yyyy")) ) ) ), "")} -> SOUTHBRIDGE, TOWN OF
B129: {=IF(SUM(COUNTIF($H129:$N129,{"*TOWN OF*","*CITY OF*"}))>0,"✓","")} -> ✓ | C129: =IF(AND($B129="",COUNTA($H129:$N129)>0),"✓","") | D129: Sturbridge | E129: Town | F129: Worcester | G129: 6 | H129: {=IFERROR( _xlfn.LET( _xlpm.clean, _xlfn.LAMBDA(_xlpm.x, TRIM(SUBSTITUTE(_xlpm.x,CHAR(160)," "))), _xlpm.t, CLEAN($D129), _xlpm.data, _xlfn._xlws.FILTER( CHOOSE({1,2}, 'DO NOT EDIT - Client List'!$A$2:$A$346, 'DO NOT EDIT - Client List'!$E$2:$E$346), CLEAN('DO NOT EDIT - Client List'!$C$2:$C$346)=_xlpm.t ), _xlpm.k, _xlfn.SEQUENCE(6), _xlpm.nm, IFERROR(INDEX(_xlpm.data, _xlpm.k, 1), ""), _xlpm.dt_raw, IFERROR(INDEX(_xlpm.data, _xlpm.k, 2), ""), _xlpm.dt_num, IF( ISNUMBER(_xlpm.dt_raw), _xlpm.dt_raw, IFERROR(DATEVALUE(_xlpm.dt_raw), 0) ), TRANSPOSE( IF(_xlpm.nm="","", _xlpm.nm & IF(_xlpm.dt_num=0, "", " - " & TEXT(_xlpm.dt_num,"m/d/yyyy")) ) ) ), "")} -> STURBRIDGE, TOWN OF
B130: {=IF(SUM(COUNTIF($H130:$N130,{"*TOWN OF*","*CITY OF*"}))>0,"✓","")} -> ✓ | C130: =IF(AND($B130="",COUNTA($H130:$N130)>0),"✓","") | D130: Wales | E130: Town | F130: Hampden | G130: 6 | H130: {=IFERROR( _xlfn.LET( _xlpm.clean, _xlfn.LAMBDA(_xlpm.x, TRIM(SUBSTITUTE(_xlpm.x,CHAR(160)," "))), _xlpm.t, CLEAN($D130), _xlpm.data, _xlfn._xlws.FILTER( CHOOSE({1,2}, 'DO NOT EDIT - Client List'!$A$2:$A$346, 'DO NOT EDIT - Client List'!$E$2:$E$346), CLEAN('DO NOT EDIT - Client List'!$C$2:$C$346)=_xlpm.t ), _xlpm.k, _xlfn.SEQUENCE(6), _xlpm.nm, IFERROR(INDEX(_xlpm.data, _xlpm.k, 1), ""), _xlpm.dt_raw, IFERROR(INDEX(_xlpm.data, _xlpm.k, 2), ""), _xlpm.dt_num, IF( ISNUMBER(_xlpm.dt_raw), _xlpm.dt_raw, IFERROR(DATEVALUE(_xlpm.dt_raw), 0) ), TRANSPOSE( IF(_xlpm.nm="","", _xlpm.nm & IF(_xlpm.dt_num=0, "", " - " & TEXT(_xlpm.dt_num,"m/d/yyyy")) ) ) ), "")} -> WALES, TOWN OF
B131: {=IF(SUM(COUNTIF($H131:$N131,{"*TOWN OF*","*CITY OF*"}))>0,"✓","")} -> ✓ | C131: =IF(AND($B131="",COUNTA($H131:$N131)>0),"✓","") | D131: Ware | E131: Town | F131: Hampshire | G131: 6 | H131: {=IFERROR( _xlfn.LET( _xlpm.clean, _xlfn.LAMBDA(_xlpm.x, TRIM(SUBSTITUTE(_xlpm.x,CHAR(160)," "))), _xlpm.t, CLEAN($D131), _xlpm.data, _xlfn._xlws.FILTER( CHOOSE({1,2}, 'DO NOT EDIT - Client List'!$A$2:$A$346, 'DO NOT EDIT - Client List'!$E$2:$E$346), CLEAN('DO NOT EDIT - Client List'!$C$2:$C$346)=_xlpm.t ), _xlpm.k, _xlfn.SEQUENCE(6), _xlpm.nm, IFERROR(INDEX(_xlpm.data, _xlpm.k, 1), ""), _xlpm.dt_raw, IFERROR(INDEX(_xlpm.data, _xlpm.k, 2), ""), _xlpm.dt_num, IF( ISNUMBER(_xlpm.dt_raw), _xlpm.dt_raw, IFERROR(DATEVALUE(_xlpm.dt_raw), 0) ), TRANSPOSE( IF(_xlpm.nm="","", _xlpm.nm & IF(_xlpm.dt_num=0, "", " - " & TEXT(_xlpm.dt_num,"m/d/yyyy")) ) ) ), "")} -> WARE, TOWN OF
B132: {=IF(SUM(COUNTIF($H132:$N132,{"*TOWN OF*","*CITY OF*"}))>0,"✓","")} -> ✓ | C132: =IF(AND($B132="",COUNTA($H132:$N132)>0),"✓","") | D132: Warren | E132: Town | F132: Worcester | G132: 6 | H132: {=IFERROR( _xlfn.LET( _xlpm.clean, _xlfn.LAMBDA(_xlpm.x, TRIM(SUBSTITUTE(_xlpm.x,CHAR(160)," "))), _xlpm.t, CLEAN($D132), _xlpm.data, _xlfn._xlws.FILTER( CHOOSE({1,2}, 'DO NOT EDIT - Client List'!$A$2:$A$346, 'DO NOT EDIT - Client List'!$E$2:$E$346), CLEAN('DO NOT EDIT - Client List'!$C$2:$C$346)=_xlpm.t ), _xlpm.k, _xlfn.SEQUENCE(6), _xlpm.nm, IFERROR(INDEX(_xlpm.data, _xlpm.k, 1), ""), _xlpm.dt_raw, IFERROR(INDEX(_xlpm.data, _xlpm.k, 2), ""), _xlpm.dt_num, IF( ISNUMBER(_xlpm.dt_raw), _xlpm.dt_raw, IFERROR(DATEVALUE(_xlpm.dt_raw), 0) ), TRANSPOSE( IF(_xlpm.nm="","", _xlpm.nm & IF(_xlpm.dt_num=0, "", " - " & TEXT(_xlpm.dt_num,"m/d/yyyy")) ) ) ), "")} -> WARREN, TOWN OF
B133: {=IF(SUM(COUNTIF($H133:$N133,{"*TOWN OF*","*CITY OF*"}))>0,"✓","")} -> ✓ | C133: =IF(AND($B133="",COUNTA($H133:$N133)>0),"✓","") | D133: Webster | E133: Town | F133: Worcester | G133: 6 | H133: {=IFERROR( _xlfn.LET( _xlpm.clean, _xlfn.LAMBDA(_xlpm.x, TRIM(SUBSTITUTE(_xlpm.x,CHAR(160)," "))), _xlpm.t, CLEAN($D133), _xlpm.data, _xlfn._xlws.FILTER( CHOOSE({1,2}, 'DO NOT EDIT - Client List'!$A$2:$A$346, 'DO NOT EDIT - Client List'!$E$2:$E$346), CLEAN('DO NOT EDIT - Client List'!$C$2:$C$346)=_xlpm.t ), _xlpm.k, _xlfn.SEQUENCE(6), _xlpm.nm, IFERROR(INDEX(_xlpm.data, _xlpm.k, 1), ""), _xlpm.dt_raw, IFERROR(INDEX(_xlpm.data, _xlpm.k, 2), ""), _xlpm.dt_num, IF( ISNUMBER(_xlpm.dt_raw), _xlpm.dt_raw, IFERROR(DATEVALUE(_xlpm.dt_raw), 0) ), TRANSPOSE( IF(_xlpm.nm="","", _xlpm.nm & IF(_xlpm.dt_num=0, "", " - " & TEXT(_xlpm.dt_num,"m/d/yyyy")) ) ) ), "")} -> WEBSTER, TOWN OF | I133: UNITED CHURCH OF CHRIST FEDERATED FIRST | J133: UNITED CHURCH OF CHRIST FEDERATED
...

Sheet Dashboard
A1: Region: | B1: # of clients | C1: Advisor:
A2: 1 | B2: =COUNTIF('1-Sue'!A2:A57,"*") -> 15 | C2: Sue | F2: # of clients | H2: Done | I2: % Done
A3: 2 | B3: =COUNTIF('2-Sue'!A2:A34,"*") -> 11 | C3: sue | E3: Sue | F3: =B2+B3+B4+B5+B7 -> 89 | H3: =SUM('DO NOT EDIT - Client List'!J2:J67,'DO NOT EDIT - Client List'!J94:J114) -> 5 | I3: =H3/F3 -> 0.056179775
A4: 3 | B4: =COUNTIF('3-Sue'!A2:A60,"*") -> 21 | C4: sue | E4: Michelle | F4: =B17+B15+B16+B14 -> 79 | H4: =SUM('DO NOT EDIT - Client List'!J266:J346) -> 0 | I4: =H4/F4 -> 0
A5: 4 | B5: =COUNTIF('4-Sue'!A2:A54,"*") -> 20 | C5: sue | E5: Brian | F5: =B6+B8+B11 -> 82 | H5: =SUM('DO NOT EDIT - Client List'!J68:J93,'DO NOT EDIT - Client List'!J115:J151,'DO NOT EDIT - Client List'!J213:J231) -> 0 | I5: =H5/F5 -> 0
A6: 5 | B6: =COUNTIF('5-Brian'!A2:A59,"*") -> 25 | C6: Brian | E6: Kath | F6: =B13+B9+B10 -> 82 | H6: =SUM('DO NOT EDIT - Client List'!J152:J212,'DO NOT EDIT - Client List'!J242:J265) -> 13 | I6: =H6/F6 -> 0.15853659
A7: 6 | B7: =COUNTIF('6-Sue'!A2:A61,"*") -> 22 | C7: Sue
A8: 7 | B8: =COUNTIF('7-Brian'!A2:A64,"*") -> 38 | C8: Brian | E8: BMK | F8: =B12 -> 10 | H8: =SUM('DO NOT EDIT - Client List'!J232:J241) -> 0 | I8: =H8/F8 -> 0
A9: 8 | B9: =COUNTIF('8-Kath'!A2:A62,"*") -> 31 | C9: Kath
A10: 9 | B10: =COUNTIF('9-Kath'!A2:A63,"*") -> 28 | C10: Kath | E10: TOTAL | F10: =SUM(B2:B17) -> 342 | H10: =SUM(H3:H8) -> 18 | I10: =H10/F10 -> 0.052631579
A11: 10 | B11: =COUNTIF('10-Brian'!A2:A64,"*") -> 19 | C11: Brian
A12: 11 | B12: =COUNTIF('11-B,M,K'!A2:A65,"*") -> 10 | C12: B,M,K
A13: 12 | B13: =COUNTIF('12-Kath'!A2:A66,"*") -> 23 | C13: Kath
A14: 13 | B14: =COUNTIF('13-Michelle'!A2:A66,"*") -> 18 | C14: Michelle
A15: 14 | B15: =COUNTIF('14-Michelle'!A2:A68,"*") -> 23 | C15: Michelle
A16: 15 | B16: =COUNTIF('15-Michelle'!A2:A69,"*") -> 21 | C16: Michelle
A17: 16 | B17: =COUNTIF('16-Michelle'!A2:A70,"*") -> 17 | C17: Michelle
B18: =SUM(B2:B17) -> 342
B19: https://datawrapper.dwcdn.net/TvOY0/6/

Sheet 1-Sue
A1: Household Name | B1: City | C1: Community | D1: Region | E1: Last Review | F1: Special Notes | G1: Copy/Material Count | H1: Advisor Number/Kathleen? | I1: NEW review date | J1: Done?
A2: BECKET, TOWN OF | B2: BECKET | C2: Becket | D2: 1 | E2: 46037 | F2: - | G2: - | H2: - | I2: 8/25 @ 9 | J2: 1
A3: BECKET BROADBAND DISTRICT | C3: Becket | D3: 1 | E3: 46037 | F3: - | G3: - | H3: - | I3: 8/25 @9:30 | J3: 1
A4: BLANDFORD, TOWN OF | B4: BLANDFORD | C4: Blandford | D4: 1 | E4: 46001 | F4: - | G4: Sara H (Blandford, Chester, Monterey) | H4: -
A5: PORTER MEMORIAL LIBRARY | D5: 1 | E5: - | F5: - | G5: - | H5: -
A6: CHESTER, TOWN OF | B6: CHESTER | C6: Chester | D6: 1 | E6: 46001 | F6: - | G6: Sara H (Blandford, Chester, Monterey) | H6: -
A7: EGREMONT, TOWN OF | B7: EGREMONT | C7: Egremont | D7: 1 | E7: 45739 | F7: - | G7: - | H7: -
A8: GREAT BARRINGTON, TOWN OF | B8: GREAT BARRINGTON | C8: Great Barrington | D8: 1 | E8: 5/13/ @ noon ? | F8: - | G8: - | H8: -
A9: MONTEREY, TOWN OF | D9: 1 | F9: - | G9: - | H9: -
A10: LEE, TOWN OF | B10: LEE | C10: Lee | D10: 1 | E10: sent email | F10: - | G10: Sue can't do this one (conflict of interest) | H10: -
A11: LENOX, TOWN OF | B11: LENOX | C11: Lenox | D11: 1 | E11: Sent reviews | F11: Lunch | H11: - | I11: 9/17 @ 9:30
A12: LAKE BUEL PRESERVATION DISTRICT | B12: NEW MARLBOROUGH | C12: New Marlborough | D12: 1 | E12: 5/13 @ 10:30 | F12: - | G12: - | H12: -
A13: OTIS, TOWN OF | B13: OTIS | C13: Otis | D13: 1 | F13: - | H13: - | I13: 9/30 @10:30
A14: RICHMOND, TOWN OF | B14: Richmond | C14: Richmond | D14: 1 | E14: 5/13 @ 3:30 | F14: Lunch | G14: - | H14: - | I14: 9/17 @ 11:30 (lunch)
A15: STOCKBRIDGE, TOWN OF | B15: STOCKBRIDGE | C15: Stockbridge | D15: 1 | E15: 5/4 @ 12pm LUNCH | F15: - | H15: -
A16: WEST STOCKBRIDGE, TOWN OF | B16: WEST STOCKBRIDGE | C16: West Stockbridge | D16: 1 | E16: 4/28 @1pm (meet in Cheshire) | F16: - | G16: - | H16: - | I16: 9/14 @ 12:30

Sheet 2-Sue
A1: Household Name | B1: City | C1: Community | D1: Region | E1: Last Review | F1: Special Notes | G1: Copy/Material Count | H1: Advisor Number/Kathleen? | I1: NEW review date | J1: Done?
A2: ROWE, TOWN OF | B2: ROWE | C2: Rowe | D2: =_xlfn.XLOOKUP(C2,'Territory List'!$D$2:$D$352,'Territory List'!$G$2:$G$352) -> 2 | E2: 46099 | F2: - | G2: - | H2: -
A3: ADAMS, TOWN OF | B3: ADAMS | C3: Adams | D3: =_xlfn.XLOOKUP(C3,'Territory List'!$D$2:$D$352,'Territory List'!$G$2:$G$352) -> 2 | E3: 46050 | F3: - | G3: 3 | H3: - | I3: 9/9 @9am
A4: CHESHIRE, TOWN OF | B4: CHESHIRE | C4: Cheshire | D4: =_xlfn.XLOOKUP(C4,'Territory List'!$D$2:$D$352,'Territory List'!$G$2:$G$352) -> 2 | E4: 46140 | F4: - | G4: 3 | H4: - | I4: 9/14 @12:30 in W. SB
A5: CUMMINGTON, TOWN OF | B5: CUMMINGTON | C5: Cummington | D5: =_xlfn.XLOOKUP(C5,'Territory List'!$D$2:$D$352,'Territory List'!$G$2:$G$352) -> 2 | E5: 46030 | F5: Allan K also in Goshen | G5: - | H5: - | I5: 9/10 @9:30
A6: GOSHEN, TOWN OF | B6: 4 | C6: 46030 | D6: 2 | E6: 46030 | F6: - | G6: - | H6: - | I6: 9/10 @ 9:30
A7: LANESBOROUGH VILLAGE FIRE & WATER DISTRICT | B7: Lanesborough | C7: Lanesborough | D7: =_xlfn.XLOOKUP(C7,'Territory List'!$D$2:$D$352,'Territory List'!$G$2:$G$352) -> 2 | E7: 5/12 @12pm | F7: Treasurer works in Lanesborough/do same day | G7: - | H7: - | I7: 8/28 @ 12:30
A8: LANESBOROUGH, TOWN OF | B8: LANESBOROUGH | C8: Lanesborough | D8: =_xlfn.XLOOKUP(C8,'Territory List'!$D$2:$D$352,'Territory List'!$G$2:$G$352) -> 2 | E8: 5/12 @ 10:30 | F8: Do with Lanesborough Water District | G8: - | H8: - | I8: 9/17 @ 11:30 (lunch)
A9: NORTH ADAMS, CITY OF | B9: NORTH ADAMS | C9: North Adams | D9: =_xlfn.XLOOKUP(C9,'Territory List'!$D$2:$D$352,'Territory List'!$G$2:$G$352) -> 2 | E9: 46099 | F9: - | G9: 3 | H9: - | I9: 9/9 @12pm
A10: PITTSFIELD, CITY OF | B10: PITTSFIELD | C10: Pittsfield | D10: =_xlfn.XLOOKUP(C10,'Territory List'!$D$2:$D$352,'Territory List'!$G$2:$G$352) -> 2 | E10: 46108 | F10: Always offer to do lunch | G10: 2 | H10: - | I10: 8/27/2026 @12pm - lunch | J10: 1
A11: WILLIAMSTOWN, TOWN OF | B11: WILLIAMSTOWN | C11: Williamstown | D11: =_xlfn.XLOOKUP(C11,'Territory List'!$D$2:$D$352,'Territory List'!$G$2:$G$352) -> 2 | E11: 3/18/2026 @ 2:00 | F11: lunch | G11: - | H11: - | I11: 9/16 @10am
A12: WINDSOR, TOWN OF | B12: WINDSOR | C12: Windsor | D12: =_xlfn.XLOOKUP(C12,'Territory List'!$D$2:$D$352,'Territory List'!$G$2:$G$352) -> 2 | E12: 5/12 @ 1:30 | F12: - | G12: 3 | H12: - | I12: 8/25 @ 12pm | J12: 1

Sheet 3-Sue
A1: Household Name | B1: Region | C1: Last Review | D1: Special Notes | E1: Copy/Material Count | F1: Advisor Number/Kathleen? | G1: NEW review date | H1: Done?
A2: AGAWAM, TOWN OF | B2: 3 | C2: 3/20/26 @ 11:00 lunch | D2: Maybe include Mayor at next review* | E2: 3 | F2: -
A3: SPRINGFIELD WATER AND SEWER COMMISSION | B3: 3 | C3: 46195.479 | D3: Once a year/annual meeting* | E3: 10 CY-3 FY | F3: 2 advisors | H3: 1
A4: CHICOPEE, CITY OF | B4: 3 | C4: 4/30 @ 9am | D4: make lunch | E4: - | F4: -
A5: EASTHAMPTON, CITY OF | B5: 3 | C5: 4/30 @ 1pm | D5: - | E5: - | F5: - | G5: 9/15 @ 2pm
A6: HIGHLAND VALLEY ELDER SERVICES | B6: 3 | C6: 5/4 @ 3pm virtual | D6: - | E6: - | F6: 2 advisors
A7: HADLEY, TOWN OF | B7: 3 | C7: Sent material | D7: - | E7: - | F7: -
A8: HATFIELD, TOWN OF | B8: 3 | C8: 5/19 @ 9:30 | D8: - | E8: - | F8: - | G8: 9/15 @ 10am
A9: FORBES LIBRARY | B9: 3 | C9: 46076 | D9: - | E9: 13 | F9: Kathleen
A10: FRIENDS OF FORBES LIBRARY | B10: 3 | C10: - | D10: No Acct. rpt./Meet annually | E10: 14 | F10: 2 advisors
A11: NORTHAMPTON, CITY OF | B11: 3 | C11: - | D11: Meet with Trust Comm once year | E11: - | F11: -
A12: SOUTH HADLEY FIRE DISTRICT #1 | B12: 3 | C12: 4/30 @ 11am | D12: For annual review invite committee** | E12: - | F12: -
A13: SOUTH HADLEY, TOWN OF | B13: 3 | C13: 46051 | D13: Donna and Lisa (TA) (Lunch only with Donna) | E13: - | F13: -
A14: SOUTHAMPTON, TOWN OF | B14: 3 | C14: Sent material | D14: - | E14: - | F14: -
A15: SOUTHWICK, TOWN OF | B15: 3 | C15: 3/19/2026 @ 10:00 | D15: Annual review with committee | E15: 20 | F15: -
A16: SUNDERLAND, TOWN OF | B16: 3 | C16: 5/19 @ 11am | D16: - | E16: - | F16: -
A17: DEERFIELD, TOWN OF | B17: 3 | C17: 46035 | E17: 3 | F17: -
A18: FRONTIER RSD | B18: 3 | C18: 46030 | D18: - | E18: - | F18: -
A19: SOUTH DEERFIELD FIRE DISTRICT | B19: 3 | C19: 46035 | D19: - | E19: - | F19: -
A20: WESTHAMPTON, TOWN OF | B20: 3 | C20: 4/21 @10am | D20: Ryan (Westhampton, Barre | E20: - | F20: - | G20: 10/13 @ 12pm
A21: WHATELY, TOWN OF | B21: 3 | C21: 46035 | D21: - | E21: - | F21: -
A22: CHESTERFIELD, TOWN OF | B22: 3 | C22: 46168 | D22: - | E22: - | F22: -

Sheet 4-Sue
A1: Household Name | B1: Region | C1: Last Review | D1: Special Notes | E1: Copy/Material Count | F1: Advisor Number/Kathleen? | G1: NEW review date | H1: Done?
A2: FRANKLIN COUNTY TECHNICAL SCHOOL | B2: 4 | C2: 4/16 @10am | D2: - | E2: - | F2: -
A3: GILL-MONTAGUE RSD | B3: 4 | C3: 4/21 @ 10am | D3: - | E3: - | F3: - | G3: 10/13 @ 12pm
A4: MONTAGUE, TOWN OF | B4: 4 | C4: 4/16 @ 10am | D4: - | E4: - | F4: -
A5: ASHFIELD, TOWN OF | B5: 4 | C5: 4/29 @ 1pm | D5: - | E5: 3 | F5: -
A6: BERNARDSTON, TOWN OF | B6: 4 | C6: 4/28 @9:30am | D6: - | E6: - | F6: -
A7: COLRAIN, TOWN OF | B7: 4 | C7: 46071 | D7: - | E7: - | F7: -
A8: CONWAY, TOWN OF | B8: 4 | C8: 46035 | D8: - | E8: - | F8: -
A9: ERVING, TOWN OF | B9: 4 | C9: - | E9: 3 | F9: -
A10: GILL, TOWN OF | B10: 4 | C10: 3/25/26 @ 3:00 | D10: - | E10: - | F10: -
A11: LEVERETT, TOWN OF | B11: 4 | C11: 4/21 @10am | D11: - | E11: - | F11: - | G11: 10/13 @ 12pm
A12: NEW SALEM, TOWN OF | B12: 4 | C12: 4/23 @ 9:15 am | D12: - | E12: 1 | F12: -
A13: NORTHFIELD, TOWN OF | B13: 4 | C13: 46077 | D13: - | E13: - | F13: -
A14: ORANGE, TOWN OF | B14: 4 | C14: 4/21 @ 10am | E14: 3 | F14: - | G14: 10/13 @ 12pm
A15: RALPH C. MAHAR RSD | B15: 4 | C15: 4/23 @11:30 | D15: - | E15: - | F15: -
A16: PELHAM, TOWN OF | B16: 4 | C16: No T/C | D16: - | E16: - | F16: -
A17: BUCKLAND, TOWN OF | B17: 4 | C17: 4/29 @ 9am | D17: - | E17: - | F17: -
A18: MOHAWK TRAIL RSD | B18: 4 | C18: 46092 | D18: Annual March School Committee/Neilman Scholarship | E18: 20 | F18: 2 advisors
A19: SHELBURNE, TOWN OF | B19: 4 | C19: 4/29 @ 11am | D19: - | E19: - | F19: -
A20: SHUTESBURY, TOWN OF | B20: 4 | C20: 4/21 @ 10am | D20: - | E20: - | F20: - | G20: 10/13 @ 12pm
A21: WARWICK, TOWN OF | B21: 4 | C21: 4/21 @10am | D21: Wed & Thurs Hours only 9-4pm | E21: 3 | F21: - | G21: 10/13 @ 12

Sheet 5-Brian
A1: Household Name | B1: Region | C1: Last Review | D1: Special Notes | E1: Copy/Material Count | F1: Advisor Number/Kathleen? | G1: NEW review date | H1: Done?
A2: ASHBURNHAM, TOWN OF | B2: 5 | C2: 46140 | D2: - | E2: - | F2: - | G2: 9/10/26?
A3: ASHBY, TOWN OF | B3: 5 | C3: 46140 | D3: - | E3: - | F3: - | G3: 9/10/26?
A4: ATHOL, TOWN OF | B4: 5 | C4: 46071 | D4: - | E4: 14 | F4: - | G4: 46268
A5: NARRAGANSETT RSD | B5: 5 | C5: - | D5: Available Fridays only 8:00am-4:00pm Drop ins okay | E5: - | F5: -
A6: BARRE, TOWN OF | B6: 5 | C6: 46182 | D6: - | E6: - | F6: -
A7: FITCHBURG, CITY OF | B7: 5 | C7: 46097 | D7: - | E7: - | F7: - | G7: 46267
A8: GARDNER, CITY OF | B8: 5 | C8: 46106 | D8: - | E8: - | F8: - | G8: 46267
A9: HARDWICK, TOWN OF | B9: 5 | C9: 46099 | D9: - | E9: - | F9: - | G9: 46267
A10: HUBBARDSTON, TOWN OF | B10: 5 | C10: 46099 | D10: - | E10: - | F10: - | G10: 46267
A11: LEOMINSTER, CITY OF | B11: 5 | D11: - | E11: - | F11: - | G11: 46281
A12: LUNENBURG, TOWN OF | B12: 5 | C12: - | D12: - | E12: - | F12: - | G12: 46268
A13: OAKHAM, TOWN OF | B13: 5 | C13: Sara Hunter | D13: - | E13: - | F13: -
A14: PEPPERELL, TOWN OF | B14: 5 | C14: email out | D14: - | E14: - | F14: -
A15: PETERSHAM, TOWN OF | B15: 5 | C15: 46097 | D15: Lunch Review preferred | E15: - | F15: - | G15: 46281
A16: PHILLIPSTON, TOWN OF | B16: 5 | C16: 46162 | D16: - | E16: - | F16: -
A17: PRINCETON, TOWN OF | B17: 5 | C17: 46050 | D17: - | E17: - | F17: -
A18: SHIRLEY, TOWN OF | B18: 5 | C18: 46114 | D18: - | E18: - | F18: - | G18: 9/15/26?
A19: TEMPLETON, TOWN OF | B19: 5 | C19: 46217 | D19: - | E19: - | F19: -
A20: NORTH MIDDLESEX RSD | B20: 5 | C20: 46174 | D20: - | E20: - | F20: -
A21: TOWNSEND, TOWN OF | B21: 5 | C21: 46114 | D21: - | E21: - | F21: - | G21: 46275
A22: WESTMINSTER, TOWN OF | B22: 5 | C22: 46114 | D22: - | E22: - | F22: - | G22: 9/16/26?
A23: WINCHENDON, TOWN OF | B23: 5 | C23: 46176 | D23: - | E23: - | F23: -
A24: FIRST CONGREGATIONAL CHURCH OF RUTLAND | B24: 5 | C24: 46162 | D24: - | E24: - | F24: -
A25: RUFUS PUTNAM | B25: 5 | D25: no contact, emailed performace reports | E25: - | F25: -
A26: RUTLAND, TOWN OF | B26: 5 | C26: 46139 | D26: - | E26: - | F26: - | G26: 46274

Sheet 6-Sue
A1: Household Name | B1: Region | C1: Last Review | D1: Special Notes | E1: Copy/Material Count | F1: Advisor Number/Kathleen? | G1: NEW review date | H1: Done?
A2: BELCHERTOWN, TOWN OF | B2: 6 | C2: 3/17/26 @ 1:30 | D2: - | E2: - | F2: -
A3: BRIMFIELD, TOWN OF | B3: 6 | C3: 46106 | D3: - | E3: 3 | F3: -
A4: BROOKFIELD, TOWN OF | B4: 6 | C4: 4/1 @ 11:30am | D4: - | E4: - | F4: -
A5: CHARLTON, TOWN OF | B5: 6 | C5: 3/31 @ 10am | E5: 3 | F5: -
A6: DUDLEY, TOWN OF | B6: 6 | C6: 3/31 @ 11:30am | D6: - | E6: 3 | F6: -
A7: SOUTHERN WORCESTER COUNTY ED. COLLABORATIVE | B7: 6 | C7: - | D7: Located in Dudley-Meet once a yr. with Mike (Treasurer) and Lena (FD) Board? | E7: - | F7: -
A8: EAST BROOKFIELD, TOWN OF | B8: 6 | C8: 4/14 @1:30 | D8: - | E8: - | F8: -
A9: HOLLAND, TOWN OF | B9: 6 | C9: 3/26 @ 11:30 | D9: - | E9: 3 | F9: -
A10: LUDLOW, TOWN OF | B10: 6 | C10: - | D10: Spoke to Michelle, reach out in 2 months (5-11-26) Offer lunch | E10: 3 | F10: -
A11: MONSON, TOWN OF | B11: 6 | C11: tent 3/24 | D11: - | E11: - | F11: -
A12: PALMER, TOWN OF | B12: 6 | C12: 3/25 @ 9am | D12: offer lunch | E12: 3 | F12: -
A13: SOUTHBRIDGE, TOWN OF | B13: 6 | C13: 4/14 @ 10am | D13: - | E13: 3 | F13: -
A14: STURBRIDGE, TOWN OF | B14: 6 | C14: Declined/sent revie | D14: *For annual set up lunch appt.** | E14: 3 | F14: -
A15: WALES, TOWN OF | B15: 6 | C15: tent 3/26 | D15: - | E15: 3 | F15: -
A16: WARE, TOWN OF | B16: 6 | C16: 4/23/26 @2PM | D16: - | E16: - | F16: -
A17: WARREN, TOWN OF | B17: 6 | C17: 4/1 @ 3pm | D17: - | E17: - | F17: -
A18: UNITED CHURCH OF CHRIST FEDERATED | B18: 6 | C18: - | D18: Located in Webster - No Sue (same client UCC Federated First) | E18: - | F18: -
A19: UNITED CHURCH OF CHRIST FEDERATED FIRST | B19: 6 | C19: - | D19: Located in Webster - No Sue (same client UCC Federated) | E19: 12? | F19: -
A20: WEBSTER, TOWN OF | B20: 6 | C20: 3/31 @ 1pm | E20: 3 | F20: -
A21: WEST BROOKFIELD, TOWN OF | B21: 6 | C21: 4/1 @ 10am | D21: - | E21: - | F21: -
A22: LAKE WICKABOAG PRESERVATION | B22: 6 | C22: - | D22: - | E22: - | F22: -
A23: WILBRAHAM, TOWN OF | B23: 6 | C23: 5/19/26 @ 1pm | D23: - | E23: - | F23: -

Sheet 7-Brian
A1: Household Name | B1: Region | C1: Last Review | D1: Special Notes | E1: Copy/Material Count | F1: Advisor Number/Kathleen? | G1: NEW review date | H1: Done?
A2: AUBURN, TOWN OF | B2: 7 | C2: 46104 | D2: - | E2: 3 | F2: - | G2: 9/17/26?
A3: BELLINGHAM, TOWN OF | B3: 7 | C3: 46146 | E3: 1 | F3: - | G3: 9/14/26?
A4: BLACKSTONE, TOWN OF | B4: 7 | C4: 46112 | E4: 3 | F4: - | G4: 46266
A5: DOUGLAS, TOWN OF | B5: 7 | C5: 46112 | D5: - | E5: - | F5: -
A6: GRAFTON WATER DISTRICT | B6: 7 | C6: 46139 | E6: - | F6: -
A7: GRAFTON, TOWN OF | B7: 7 | C7: 46141 | D7: - | E7: 6 | F7: - | G7: 9/1/26?
A8: HOLDEN, TOWN OF | B8: 7 | C8: 46122 | D8: - | E8: - | F8: - | G8: 46265
A9: WACHUSETT RSD | B9: 7 | C9: email out | E9: - | F9: -
A10: HOPEDALE, TOWN OF | B10: 7 | C10: 46111 | D10: one click send | E10: 1 | F10: - | G10: 9/14/26?
A11: CHERRY VALLEY & ROCHDALE WATER DISTRICT | B11: 7 | C11: 46113 | D11: - | E11: - | F11: -
A12: CHERRY VALLEY SEWER DISTRICT | B12: 7 | C12: 46113 | D12: - | E12: - | F12: - | G12: 9/17/26?
A13: HILLCREST SEWER DISTRICT | B13: 7 | C13: 46121 | D13: - | E13: - | F13: - | G13: 46296
A14: LEICESTER PUBLIC LIBRARY BOARD OF TRUSTEES | B14: 7 | C14: 46161 | D14: - | E14: - | F14: -
A15: LEICESTER WATER SUPPLY DISTRICT | B15: 7 | C15: 46121 | D15: - | E15: - | F15: - | G15: 9/9/26?
A16: LEICESTER, TOWN OF | B16: 7 | C16: 46113 | D16: - | E16: - | F16: - | G16: 46274
A17: MENDON, TOWN OF | B17: 7 | C17: 46111 | D17: - | E17: 3 | F17: - | G17: 9/14/26?
A18: MILFORD, TOWN OF | B18: 7 | C18: 46112 | D18: - | E18: 4 | F18: - | G18: 46279
A19: MILLBURY, TOWN OF | B19: 7 | C19: 46111 | E19: - | F19: - | G19: 9/17/26?
A20: MILLVILLE, TOWN OF | B20: 7 | C20: email out | E20: - | F20: -
A21: OXFORD-ROCHDALE SEWER DISTRICT | B21: 7 | C21: 46121 | D21: - | E21: - | F21: - | G21: 46296
A22: OXFORD, TOWN OF | B22: 7 | C22: 46098 | D22: Meet with the Library BD with Treasurer Prudent Acct. 6 copies | E22: - | F22: - | G22: 9/17/26?
A23: OXFORD LIBRARY | B23: 7 | C23: - | D23: - | E23: 6 | F23: -
A24: PAXTON, TOWN OF | B24: 7 | C24: 46113 | D24: - | E24: - | F24: - | G24: 46274
A25: SHREWSBURY, TOWN OF | B25: 7 | C25: 46157 | D25: - | E25: - | F25: Kathleen
A26: SOUTH GRAFTON WATER DISTRICT | B26: 7 | C26: 46139 | D26: - | E26: - | F26: -
A27: SPENCER, TOWN OF | B27: 7 | C27: 46199 | D27: - | E27: - | F27: -
A28: SUTTON, TOWN OF | B28: 7 | C28: 46051 | D28: - | E28: 8 | F28: 2 advisors
A29: SUTTON OPEB COMMITTEE | B29: 7 | C29: - | D29: Annual December/January Meeting | E29: - | F29: 2 advisors
A30: UPTON, TOWN OF | B30: 7 | C30: 46111 | E30: 3 | F30: - | G30: 9/1/26?
A31: UXBRIDGE, TOWN OF | B31: 7 | C31: 46146 | D31: Annual | E31: 3 | F31: -
A32: NORTHBRIDGE, TOWN OF | B32: 7 | C32: email out | D32: - | E32: - | F32: -
A33: ELDER SERVICES OF WORCESTER | B33: 7 | C33: 46035 | D33: - | E33: - | F33: 2 advisors
A34: PRESERVATION WORCESTER | B34: 7 | C34: 46127 | E34: 8 | F34: 2 advisors
A35: TRINITY LUTHERAN CHURCH | B35: 7 | C35: 46085 | D35: - | E35: 12? | F35: -
A36: WORCESTER CENTER FOR PERFORMING ARTS INC | B36: 7 | C36: no answer | D36: - | E36: - | F36: 2 advisors
A37: WORCESTER REGIONAL STRATEGIC OPP FOUNDATION | B37: 7 | C37: NOT FUNDED | D37: NOT FUNDED | E37: - | F37: -
A38: WORCESTER LIBRARY | B38: 7 | C38: - | D38: - | E38: - | F38: -
A39: WORCESTER, CITY OF | B39: 7 | C39: 46079 | D39: - | E39: 7 | F39: Kathleen

Sheet 8-Kath
A1: Household Name | B1: Region | C1: Last Review | D1: Special Notes | E1: Copy/Material Count | F1: Advisor Number/Kathleen? | G1: NEW review date | H1: Done?
A2: BOYLSTON WATER DISTRICT | B2: 8 | C2: 46204 | E2: - | F2: - | G2: 46204 | H2: 1
A3: BOYLSTON, TOWN OF | B3: 8 | C3: 46097 | D3: - | E3: 3 | F3: - | G3: 46258 | H3: 1
A4: ACTON, TOWN OF | B4: 8 | C4: 46097 | D4: - | E4: 5 | F4: - | G4: 46267
A5: ACTON-BOXBOROUGH RSD | B5: 8 | C5: - | D5: OPEB Advisory Board Annual Review | E5: 8 | F5: 2 advisors
A6: AYER, TOWN OF | B6: 8 | C6: 46097 | D6: - | E6: - | F6: - | G6: 46267
A7: NASHOBA ASSOCIATED BOARDS OF HEALTH | B7: 8 | C7: June | D7: - | E7: - | F7: -
A8: BERLIN, TOWN OF | B8: 8 | C8: 46197 | D8: - | E8: - | F8: -
A9: BOLTON, TOWN OF | B9: 8 | C9: 46100 | D9: - | E9: 1 | F9: - | G9: 46258 | H9: 1
A10: NASHOBA RSD | B10: 8 | C10: Emailed PR | D10: - | E10: -
A11: BOXBOROUGH, TOWN OF | B11: 8 | C11: 46141 | D11: - | E11: - | F11: - | G11: 46261 | H11: 1
A12: CLINTON, TOWN OF | B12: 8 | C12: - | D12: - | E12: 3 | F12: - | G12: 46259 | H12: 1
A13: GROTON, TOWN OF | B13: 8 | C13: - | D13: - | E13: 3 | F13: - | G13: 46261 | H13: 1
A14: HARVARD, TOWN OF | B14: 8 | C14: 46141 | D14: - | E14: - | F14: - | G14: 8/27/26? | H14: 1
A15: HOPKINTON, TOWN OF | B15: 8 | C15: 46163 | D15: If have new FD then have Kathleen go | E15: - | F15: -
A16: HUDSON, TOWN OF | B16: 8 | C16: 46203 | D16: - | E16: 3 | F16: -
A17: LANCASTER, TOWN OF | B17: 8 | C17: 46099 | D17: For annual review likes hard copies | E17: 3 | F17: - | G17: 8/24/26?
A18: LITTLETON SCHOLARSHIP TRUST | B18: 8 | C18: - | D18: ONLY MEET ONCE YEAR* | E18: 7 | F18: 2 advisors
A19: LITTLETON, TOWN OF | B19: 8 | C19: 46141 | D19: - | E19: 7 | F19: - | G19: 46267
A20: ASSABET VALLEY RVSD | B20: 8 | C20: Emailed PR | D20: - | E20: - | F20: -
A21: MARLBOROUGH, CITY OF | B21: 8 | C21: 46198 | D21: Trust funds only/OPEB trustees separate meeting | E21: - | F21: Kathleen
A22: MAYNARD, TOWN OF | B22: 8 | C22: 46104 | D22: dropped off report 3/23 | E22: 3 | F22: - | G22: 9/10/26?
A23: MASSACHUSETTS ASSOCIATION OF ASSESSING OFFICERS | B23: 8 | C23: Emailed PR | D23: - | E23: - | F23: -
A24: NORTHBOROUGH, TOWN OF | B24: 8 | C24: 46106 | D24: - | E24: - | F24: - | G24: 46275
A25: SOUTHBOROUGH, TOWN OF | B25: 8 | C25: 46106 | D25: Meet Annual with Board Chair Nick & Brian Treasurer | E25: - | F25: - | G25: 46275
A26: STERLING, TOWN OF | B26: 8 | C26: 46099 | D26: - | E26: 3 | F26: -
A27: STOW, TOWN OF | B27: 8 | C27: 46104 | D27: - | E27: 3 | F27: - | G27: 9/10/26?
A28: STOW, TOWN OF HALE HIGH SCHOOL | B28: 8 | C28: 46163 | D28: - | E28: 5 | F28: 2 advisors
A29: STOW, TOWN OF RANDALL MEMORIAL LIBRARY | B29: 8 | C29: - | D29: Morgan new treasurer/Maureen Chair | E29: - | F29: 2 advisors
A30: FIRST CONGREGATIONAL CHURCH OF W BOYLSTON | B30: 8 | C30: 46104 | D30: - | E30: 3 | F30: -
A31: WEST BOYLSTON WATER DISTRICT | B31: 8 | C31: 46204 | D31: Brian/ introduce another advisor Sole | E31: - | F31: - | G31: 46204 | H31: 1
A32: WEST BOYLSTON, TOWN OF | B32: 8 | C32: 46104 | E32: - | F32: - | H32: 1

Sheet 9-Kath
A1: Household Name | B1: Region | C1: Last Review | D1: Special Notes | E1: Copy/Material Count | F1: Advisor Number/Kathleen? | G1: NEW review date | H1: Done?
A2: AMESBURY, CITY OF | B2: 9 | C2: 46128 | D2: - | E2: 3 | F2: - | G2: 46281
A3: ANDOVER, TOWN OF | B3: 9 | C3: 46100 | D3: Virtual Meeting Scheduled | E3: -
A4: CREST COLLABORATIVE | B4: 9 | C4: - | D4: Meeting with Eric & Jim once a year only | E4: - | F4: -
A5: GREATER LAWRENCE RVTSD | B5: 9 | C5: - | D5: 3 regular 14 for entire committee/sent perf report | E5: - | F5: -
A6: BILLERICA, TOWN OF | B6: 9 | C6: 46146 | D6: - | E6: - | F6: - | G6: 9/3/26?
A7: BOXFORD, TOWN OF | B7: 9 | C7: 46160 | D7: - | E7: - | F7: -
A8: NEWBURY, TOWN OF | B8: 9 | C8: 46140 | D8: NEXT REVIEW in fall: Brenna, Town Admin, and Diane | E8: 3 | F8: -
A9: TRITON RSD | B9: 9 | C9: emailed PR | D9: - | E9: - | F9: -
A10: CARLISLE, TOWN OF | B10: 9 | C10: 46181 | D10: - | E10: - | F10: -
A11: CHELMSFORD, TOWN OF | B11: 9 | C11: 46146 | D11: - | E11: 3 | F11: -
A12: NORTH CHELMSFORD WATER DISTRICT | B12: 9 | C12: 46146 | D12: - | E12: 3 | F12: -
A13: DRACUT, TOWN OF | B13: 9 | C13: 46162 | D13: book next meeting with Brian & Kathleen | E13: - | F13: -
A14: DUNSTABLE, TOWN OF | B14: 9 | C14: 46174 | E14: - | F14: - | G14: 9/17/26?
A15: GEORGETOWN, TOWN OF | B15: 9 | C15: emailed PR | D15: - | E15: - | F15: -
A16: GROVELAND, TOWN OF | B16: 9 | C16: 46183 | D16: - | E16: - | F16: -
A17: LANGLEY-ADAMS PUBLIC LIBRARY | B17: 9 | C17: 46154 | D17: - | E17: 3 | F17: -
A18: HAVERHILL, CITY OF | B18: 9 | C18: 46160 | D18: - | E18: - | F18: -
A19: WHITTIER RVTHS | B19: 9 | C19: emailed PR | D19: - | E19: - | F19: -
A20: WHITTIER TECHNICAL EDUCATION FOUNDATION | B20: 9 | C20: emailed PR | D20: - | E20: - | F20: -
A21: LOWELL, CITY OF | B21: 9 | C21: - | D21: Annual Meeting Only January | E21: CY9 | F21: 2 advisors | G21: 9/17/26?
A22: MERRIMAC, TOWN OF | B22: 9 | C22: 46128 | D22: Email review to Treas & Acctant prior to meeting | E22: 8? OPEB | F22: - | G22: 46268
A23: METHUEN, CITY OF | B23: 9 | C23: 46174 | D23: Sent performance report | E23: - | F23: - | G23: 9/16/26?
A24: NEWBURYPORT, CITY OF | B24: 9 | C24: 46147 | D24: Kathleen/Alex when trust cttee meets | E24: 3 | F24: - | G24: 46281
A25: NORTH ANDOVER, TOWN OF | B25: 9 | C25: 46128 | D25: - | E25: - | F25: -
A26: SALISBURY, TOWN OF | B26: 9 | C26: 46128 | D26: - | E26: - | F26: - | G26: 46268
A27: TYNGSBOROUGH, TOWN OF | B27: 9 | C27: 46160 | D27: - | E27: - | F27: - | G27: 46282
A28: NASHOBA VALLEY THS | B28: 9 | C28: - | D28: Fall Meeting Review Only | E28: 11 | F28: -
A29: WESTFORD, TOWN OF | B29: 9 | C29: 46183 | D29: 2 people needed if Dan is in the meeting | E29: 3 | F29: 2 advisors | G29: 46282

Sheet 10-Brian
A1: Household Name | B1: Region | C1: Last Review | D1: Special Notes | E1: Copy/Material Count | F1: Advisor Number/Kathleen? | G1: NEW review date | H1: Done?
A2: DANVERS, TOWN OF | B2: 10 | C2: 46125 | D2: dropped off not available | E2: - | F2: - | G2: 9/21/26?
A3: ESSEX, TOWN OF | B3: 10 | C3: 46126 | D3: Trust Funds at Unibank | E3: - | F3: - | G3: 46287
A4: GLOUCESTER, CITY OF | B4: 10 | C4: 46126 | D4: Talk to him about PE, he said yes | E4: 3 | F4: - | G4: 9/22/26?
A5: HAMILTON, TOWN OF | B5: 10 | C5: 46126 | D5: - | E5: - | F5: - | G5: 46283
A6: IPSWICH, TOWN OF | B6: 10 | C6: 46126 | D6: Same treas as Hamilton Wenham | E6: - | F6: -
A7: LYNNFIELD CENTER WATER DISTRICT | B7: 10 | C7: 46125 | D7: New Account Update Brian Aug 23 | E7: - | F7: -
A8: LYNNFIELD, TOWN OF | B8: 10 | C8: 46161 | D8: New Account Update Brian Aug 23 | E8: - | F8: -
A9: MANCHESTER-BY-THE-SEA, TOWN OF | B9: 10 | C9: 46125 | D9: - | E9: - | F9: - | G9: 46287
A10: MARBLEHEAD, TOWN OF | B10: 10 | C10: Cancelled | D10: - | E10: 3 | F10: - | G10: 46286
A11: MIDDLETON, TOWN OF | B11: 10 | C11: email out | D11: - | E11: - | F11: -
A12: NORTH READING, TOWN OF | B12: 10 | C12: 46125 | D12: - | E12: - | F12: -
A13: ROCKPORT, TOWN OF | B13: 10 | C13: 46133 | D13: - | E13: 3 | F13: - | G13: 46289
A14: ROWLEY, TOWN OF | B14: 10 | C14: 46133 | D14: - | E14: - | F14: -
A15: SALEM, CITY OF | B15: 10 | D15: - | E15: - | F15: -
A16: SALEM, TOWN OF, NH | B16: 10 | C16: - | D16: December annual review only | E16: - | F16: -
A17: SAUGUS, TOWN OF | B17: 10 | C17: email out | D17: - | E17: 3 | F17: -
A18: TOPSFIELD, TOWN OF | B18: 10 | C18: email out | D18: - | E18: - | F18: -
A19: HAMILTON-WENHAM RSD | B19: 10 | C19: 46126 | D19: Same Treasurer as Ipswich | E19: - | F19: -
A20: WENHAM, TOWN OF | B20: 10 | C20: 46142 | D20: - | E20: - | F20: -

Sheet 11-B,M,K
A1: Household Name | B1: Region | C1: Last Review | D1: Special Notes | E1: Copy/Material Count | F1: Advisor Number/Kathleen? | G1: NEW review date | H1: Done? | I1: Initials
A2: BELMONT, TOWN OF | B2: 11 | C2: 46111 | D2: - | E2: 3 | F2: -
A3: CHELSEA, CITY OF | B3: 11 | C3: 46099 | D3: - | E3: 2 | F3: -
A4: EVERETT, CITY OF | B4: 11 | C4: 46175 | D4: - | E4: 3 | F4: -
A5: CAMBRIDGE HEALTH ALLIANCE | B5: 11 | C5: - | D5: - | E5: - | F5: -
A6: MELROSE, CITY OF | B6: 11 | C6: 46133 | D6: - | E6: 3 | F6: -
A7: QUINCY COLLEGE | B7: 11 | C7: - | D7: - | E7: - | F7: Kathleen
A8: QUINCY, CITY OF | B8: 11 | C8: - | D8: - | E8: - | F8: -
A9: REVERE, CITY OF | B9: 11 | C9: - | D9: Sent performance report | E9: 5 | F9: -
A10: STONEHAM, TOWN OF | B10: 11 | C10: 46175 | D10: - | E10: - | F10: -
A11: WOBURN, CITY OF | B11: 11 | C11: 46142 | D11: - | E11: - | F11: -

Sheet 12-Kath
A1: Household Name | B1: Region | C1: Last Review | D1: Special Notes | E1: Copy/Material Count | F1: Advisor Number/Kathleen? | G1: NEW review date | H1: Done?
A2: ASHLAND, TOWN OF | B2: 12 | C2: 46134 | D2: - | E2: - | F2: - | G2: 46260 | H2: 1
A3: BEDFORD, TOWN OF | B3: 12 | C3: 46163 | E3: - | F3: -
A4: DOVER, TOWN OF | B4: 12 | C4: 46163 | D4: - | E4: - | F4: -
A5: FRAMINGHAM, CITY OF | B5: 12 | C5: 46134 | D5: - | E5: 4 | F5: - | G5: 46260 | H5: 1
A6: SOUTH MIDDLESEX RVTSD | B6: 12 | C6: 46163 | D6: - | E6: - | F6: -
A7: HOLLISTON, TOWN OF | B7: 12 | C7: 46134 | D7: - | E7: 1 | F7: - | G7: 9/21/26?
A8: LEXINGTON, TOWN OF | B8: 12 | C8: 46139 | D8: - | E8: - | F8: -
A9: LINCOLN, TOWN OF | B9: 12 | C9: 46198 | D9: Lunch and review with Krystal | E9: - | F9: -
A10: MEDFIELD, TOWN OF | B10: 12 | C10: 46190 | D10: Sent annual, too busy to meet | E10: 3 | F10: -
A11: MILTON PUBLIC LIBRARY | B11: 12 | C11: - | D11: Coordinate with Will Adamczyk | E11: 10 | F11: 2 advisors
A12: MILTON PUBLIC LIBRARY FOUNDATION | B12: 12 | C12: - | D12: Coordinate with Will Adamczyk | E12: 10 | F12: 2 advisors
A13: UNITED CONGREGATIONAL CHURCH IN MILTON INV. | B13: 12 | C13: - | D13: Coordinate with Niki | E13: 10 | F13: 2 advisors
A14: ACCEPT EDUCATION COLLABORATIVE | B14: 12 | C14: 46148 | D14: Annual May OPEB Board Meeting Only | E14: - | F14: 2 advisors | H14: 1
A15: NATICK, TOWN OF | B15: 12 | C15: 46140 | D15: - | E15: 4 | F15: 2 advisors | G15: 9/21/2026?
A16: NEEDHAM, TOWN OF | B16: 12 | C16: - | D16: no treasurer yet | E16: 3 | F16: -
A17: NORWOOD, TOWN OF | B17: 12 | C17: email out | D17: - | E17: 3 | F17: -
A18: SHERBORN, TOWN OF | B18: 12 | C18: emailed PR | D18: - | E18: 1 | F18: - | G18: 46260 | H18: 1
A19: SUDBURY WATER DISTRICT | B19: 12 | C19: 46135 | D19: - | E19: 3 | F19: - | G19: 9/23/26?
A20: SUDBURY, TOWN OF | B20: 12 | C20: 46135 | D20: Never responded | E20: 3 | F20: - | G20: 9/23/26?
A21: WAYLAND, TOWN OF | B21: 12 | C21: 46135 | D21: - | E21: 0 | F21: - | G21: 9/23/26?
A22: WESTON, TOWN OF | B22: 12 | C22: 46135 | D22: - | E22: 3 | F22: Kathleen | G22: 9/23/26?
A23: WESTWOOD, TOWN OF | B23: 12 | C23: 46080 | D23: New treasurer | E23: 4 | F23: -
A24: WILMINGTON, TOWN OF | B24: 12 | C24: 46134 | D24: - | E24: - | F24: -

Sheet 13-Michelle
A1: Household Name | B1: Region | C1: Last Review | D1: Special Notes | E1: Copy/Material Count | F1: Advisor Number/Kathleen? | G1: NEW review date | H1: Done?
A2: AVON, TOWN OF | B2: 13 | C2: 46112 | D2: - | E2: 3 | F2: - | G2: 8/25 @ 9am
A3: CANTON, TOWN OF | B3: 13 | C3: 46112 | D3: - | E3: 3 | F3: - | G3: 8/26 @9:30am
A4: COHASSET, TOWN OF | B4: 13 | C4: 5/1 @9am | D4: - | E4: 3 | F4: Kathleen
A5: EDUCATION COOPERATIVE | B5: 13 | C5: 46125 | D5: - | E5: 3 | F5: -
A6: FRANKLIN, TOWN OF | B6: 13 | C6: 4/28 @ 9:30 | D6: does not want to meet right now since met in April; send annual pdf | E6: 3 | G6: does not want to meet
A7: HOLBROOK, TOWN OF | B7: 13 | C7: - | D7: - | E7: 3 | F7: -
A8: MASSACHUSETTS MUNICIPAL UTILITY SELF-INSURANCE TF | B8: 13 | C8: 5/19 @ 12pm | D8: Not run on fiscal year/have annual meeting end of Dec or early Jan each year | E8: - | F8: -
A9: CHARLES RIVER POLLUTION CONTROL DISTRICT | B9: 13 | C9: - | D9: - | E9: 12 | F9: - | G9: 9/3 @12pm
A10: MILLIS, TOWN OF | B10: 13 | C10: 46125 | D10: - | E10: - | F10: - | G10: 9/3 @ 1:30
A11: METACOMET EMERGENCY COMMUNICATIONS CENTER | B11: 13 | C11: - | D11: - | E11: - | F11: -
A12: RANDOLPH, TOWN OF | B12: 13 | C12: - | D12: Luddington Trust w/school committee | E12: 3 | F12: -
A13: SHARON, TOWN OF | B13: 13 | E13: 3 | F13: - | G13: 8/26 @ 11am
A14: STOUGHTON REDEVELOPMENT AUTHORITY | B14: 13 | C14: 4/8/26 ZOOM | D14: Annual review February 2021 | E14: 8 | F14: -
A15: STOUGHTON, TOWN OF | B15: 13 | C15: - | D15: One click send | E15: 3 | F15: -
A16: WALPOLE, TOWN OF | B16: 13 | C16: 46113 | D16: OPEB Presentation | E16: 3 | F16: - | G16: 8/26 @2pm
A17: WRENTHAM, TOWN OF | B17: 13 | C17: - | D17: - | E17: - | F17: - | G17: 9/3 @10:30am
A18: FOXBOROUGH, TOWN OF | B18: 13 | C18: 46112 | D18: Paula never returned emails. I just dropped off review | E18: 3 | F18: - | G18: 8/26 @ 12:30
A19: FRIENDS OF THE BOYDEN LIBRARY | B19: 13 | C19: 46182 | D19: - | E19: 13 | F19: 2 advisors?

Sheet 14-Michelle
A1: Household Name | B1: Region | C1: Last Review | D1: Special Notes | E1: Copy/Material Count | F1: Advisor Number/Kathleen? | G1: NEW review date | H1: Done?
A2: RAYNHAM, TOWN OF | B2: 14 | C2: 5/14 @ 1:30 | D2: - | E2: 3 | F2: - | G2: 9/23 @ 9:30am
A3: ACUSHNET, TOWN OF | B3: 14 | C3: 4/30 @ 9am | D3: - | E3: 3 | F3: -
A4: FREETOWN, TOWN OF | B4: 14 | C4: 4/30 @1pm | D4: $8 million stab funds at bank/MMDT? | E4: 3 | F4: Kathleen
A5: DARTMOUTH FIRE DISTRICT #3 | B5: 14 | C5: - | D5: Most Likely Annual | E5: 3 | F5: -
A6: DIGHTON, TOWN OF | B6: 14 | C6: 4/21 @ 9am | D6: - | E6: 3 | F6: - | G6: 9/23 @ 12:30
A7: FAIRHAVEN, TOWN OF | B7: 14 | C7: - | D7: New Treasurer to reach out | E7: 3 | F7: -
A8: FALL RIVER, CITY OF | B8: 14 | C8: 4/16 @ 10:30 | D8: - | E8: 3 | F8: -
A9: MANSFIELD, TOWN OF | B9: 14 | C9: 4/27 @ 10:30 | D9: - | E9: 3 | F9: - | G9: 9/22 @ 11am
A10: GREATER NEW BEDFORD REGIONAL REFUSE DISTRICT | B10: 14 | C10: 4/22 @ 3pm (Teams) | D10: NEW TREASURER | E10: - | F10: -
A11: NEW BEDFORD, CITY OF | B11: 14 | C11: 4/30 @ 10:30 | D11: - | E11: 3 | F11: 2 advisors
A12: NORTH ATTLEBOROUGH, TOWN OF | B12: 14 | C12: - | D12: - | E12: 3 | F12: - | G12: 9/9 @12pm (Lunch)
A13: DIGHTON WATER DISTRICT | B13: 14 | C13: 4/21@ 10:30am | D13: - | E13: - | F13: - | G13: 10/14 @10am
A14: EASTON, TOWN OF | B14: 14 | C14: 4/27 @ 1:30pm | D14: - | E14: 3 | F14: - | G14: 9/22 @ 9:30
A15: NORTON, TOWN OF | B15: 14 | C15: 4/30 @ 5pm | D15: treasurer alone/committee 3-4x yr | E15: 2 | F15: - | G15: 9/22 @ 12:30
A16: PLAINVILLE, TOWN OF | B16: 14 | C16: 4/27 @ 9am | D16: does not want to meet; send annual | E16: 3 | F16: -
A17: REHOBOTH, TOWN OF | B17: 14 | C17: 4/21 @ 12pm | D17: - | E17: 3 | F17: -
A18: SEEKONK WATER DISTRICT | B18: 14 | C18: - | D18: committee | E18: - | F18: -
A19: SEEKONK, TOWN OF | B19: 14 | C19: 46128 | D19: - | E19: 3 | F19: -
A20: SOMERSET HEALTH PLAN GROUP | B20: 14 | C20: - | D20: - | E20: 3 | F20: -
A21: SOMERSET, TOWN OF | B21: 14 | C21: - | D21: - | E21: - | F21: -
A22: SWANSEA, TOWN OF | B22: 14 | C22: 4/16 @2pm | D22: New GF account - does not want to meet. Send annual pdf | E22: - | F22: - | G22: does not want to meet
A23: TAUNTON, CITY OF | B23: 14 | C23: 5/14 @ 3pm | D23: I sent one click w/comments at her request | E23: 3 | F23: - | G23: 9/23 @ 2pm
A24: WESTPORT, TOWN OF | B24: 14 | C24: 4/16 @ 9am | D24: - | E24: 3 | F24: -

Sheet 15-Michelle
A1: Household Name | B1: Region | C1: Last Review | D1: Special Notes | E1: Copy/Material Count | F1: Advisor Number/Kathleen? | G1: NEW review date | H1: Done?
A2: MARSHFIELD, TOWN OF | B2: 15 | C2: 5/12 @ 2pm | D2: - | E2: - | F2: -
A3: BRIDGEWATER, TOWN OF | B3: 15 | C3: 46107 | D3: Opportunity Stab Eastern | E3: 3 | F3: -
A4: BRIDGEWATER-RAYNHAM RSD | B4: 15 | C4: 4/29 @9:30 | D4: Sent performance report | E4: 3 | F4: -
A5: CARVER, TOWN OF | B5: 15 | C5: 5/12 @ 9am | D5: wants to wait until new FD is hired | E5: 6 | F5: - | G5: TBD
A6: DUXBURY, TOWN OF | B6: 15 | C6: 5/12 @ 11am | D6: - | E6: 3
A7: EAST BRIDGEWATER, TOWN OF | B7: 15 | C7: 4/29 @ 11am | E7: 3 | F7: -
A8: HALIFAX, TOWN OF | B8: 15 | C8: 5/20 @ 3pm | E8: 3 | F8: - | G8: 9/10 @ 12pm
A9: HANOVER, TOWN OF | B9: 15 | C9: 5/20 @ 10:30 (new treas) | D9: - | E9: 3 | F9: -
A10: HANSON, TOWN OF | B10: 15 | C10: 5/26 @ 10am | D10: - | E10: - | F10: - | G10: 10/13 @ 10:30
A11: SILVER LAKE RSD | B11: 15 | C11: 5/20 @ 1:30 | E11: 3 | F11: -
A12: MARION, TOWN OF | B12: 15 | C12: 5/19 @ 9am | D12: - | E12: 3 | F12: -
A13: MATTAPOISETT, TOWN OF | B13: 15 | C13: 5/19 @10:30 | D13: Sent performance report | E13: 3 | F13: -
A14: MIDDLEBOROUGH, TOWN OF | B14: 15 | C14: 5/19 @1:30 | D14: - | E14: - | F14: -
A15: ONSET FIRE DISTRICT | B15: 15 | C15: 5/21 @ 9am | D15: Sent performance report | E15: 3 | F15: -
A16: PEMBROKE, TOWN OF | B16: 15 | C16: 5/20 @ 12pm | D16: - | E16: 5 | F16: -
A17: PLYMPTON, TOWN OF | B17: 15 | C17: 5/12 @12:30 | D17: - | E17: 3 | F17: - | G17: 9/15 @ 9:30
A18: ROCHESTER, TOWN OF | B18: 15 | D18: Ashling on maternity leave until late June | E18: 3 | F18: -
A19: WEST BRIDGEWATER, TOWN OF | B19: 15 | C19: 5/14 @12pm | D19: - | E19: 3 | F19: -
A20: FIRST CONGREGATIONAL CHURCH OF WHITMAN | B20: 15 | E20: 6 | F20: -
A21: WHITMAN, TOWN OF | B21: 15 | C21: 46063 | E21: 6 | F21: - | G21: 9/24 @9am
A22: WHITMAN-HANSON RSD | B22: 15 | C22: 4/29 @ 12:30pm | E22: 3 | F22: - | G22: 9/24 @ 10:30am

Sheet 16-Michelle
A1: Household Name | B1: Region | C1: Last Review | D1: Special Notes | E1: Copy/Material Count | F1: Advisor Number/Kathleen? | G1: NEW review date | H1: Done?
A2: BARNSTABLE FIRE DISTRICT | B2: 16 | C2: 46114 | D2: - | E2: 3 | F2: -
A3: BUZZARDS BAY WATER DISTRICT | B3: 16 | C3: 5/21 @ 10:30 | D3: Sent performance report | E3: 3 | F3: -
A4: COMM FIRE DISTRICT | B4: 16 | C4: 46114 | D4: 1x yr w/Prudential Committee or Molly and Carlton alone | E4: 3 | F4: -
A5: CHATHAM, TOWN OF | B5: 16 | C5: 5/27 @ 12:30 | D5: 1x year OPEB ctte, 2x yr w/Sharon alone | E5: 3 | F5: -
A6: CHILMARK, TOWN OF | B6: 16 | C6: 6/2 @1pm (Virtual) | D6: - | E6: 3 | F6: -
A7: FALMOUTH, TOWN OF | B7: 16 | C7: - | D7: Sent performance report | E7: 3 | F7: Kathleen
A8: BARNSTABLE, TOWN OF | B8: 16 | C8: - | D8: - | E8: 3 | F8: -
A9: HYANNIS FIRE DISTRICT | B9: 16 | C9: - | D9: - | E9: 1 | F9: -
A10: OAK BLUFFS, TOWN OF | B10: 16 | C10: 6/2 @ 11:30 | D10: - | E10: 1 | F10: - | G10: 8/24 @ 3pm
A11: ORLEANS, TOWN OF | B11: 16 | C11: 5/27 @ 11 | D11: - | E11: 3 | F11: -
A12: SOUTHEASTERN MASS HEALTH GROUP | B12: 16 | C12: - | D12: Virtual | E12: - | F12: -
A13: BOURNE WATER DISTRICT | B13: 16 | C13: - | D13: Sent performance report | E13: 3 | F13: -
A14: PROVINCETOWN, TOWN OF | B14: 16 | C14: - | D14: Virtual | E14: 3 | F14: -
A15: NORTH SAGAMORE WATER DISTRICT | B15: 16 | C15: 5/21 @ 12pm | D15: - | E15: 3 | F15: -
A16: SANDWICH, TOWN OF | B16: 16 | C16: 5/21 @ 1:30 | D16: - | E16: 3 | F16: -
A17: DENNIS, TOWN OF | B17: 16 | C17: - | D17: - | E17: 3 | F17: -
A18: TISBURY, TOWN OF | B18: 16 | C18: 6/2 @ 10am | D18: - | E18: 3 | F18: - | G18: 8/24 @2pm

Sheet CHANGES needed
A1: KJC Questions | B1: 1 | C1: Add column for rep that actually went onto the review
A2: done | B2: 2 | C2: Move Goshen which is in tab 4 over to tab 2 (it’s really close to Cummington) and makes sense to be in same territory
A3: done | B3: 3 | C3: Move Deerfield, So. Deerfield Fire and Frontier RSD over to tab 3 (currently in tab 4) These three clients, Sunderland and Whately (who are in tab 3 are all next to each other and should be in same tab
A4: done | B4: 4 | C4: Need to add Monterey as a client (it's actually not even showing up in the DO NOT EDIT - client list) Should be in tab 1 under Gt Barrington
A5: done | B5: 5 | C5: Need to add Porter Memorial Library in Blandford as a new client (place in tab 1)
A6: done | B6: 6 | C6: Need to add Lake Wickaboag Preservation in West Brookfield (they are a 501c(4) non profit) Keith Arsenault private client to Josh (Tab 6)
A7: DONE | B7: 7 | C7: Add Worcester Library as a separate line.
A8: done - it's just worcester city | B8: 8 | C8: Add Worcester Trust Committee as a separate line.
A9: done | B9: 9 | C9: Add Sutton OPEB Trust Committee annual review only in Dec/Jan
A10: done | B10: 10 | C10: Add Oxford Library Board Review 6 copies needed
A11: who put this here and what does it mean | B11: 11 | C11: Selectboard/Finance Committee annual meeting add Separate Tab
A12: done | B12: 12 | C12: Tab 14 Taunton did not change to green to mark complete and not sure if it was counted as done on the dashboard
